[{"pk": 1, "model": "core.topic", "fields": {"last_updated": "2011-06-28 01:55:42", "name": "Basics", "audience": 0, "sort_order": 0, "date_created": "2011-06-28 01:55:42", "slug": "basics"}}, {"pk": 2, "model": "core.topic", "fields": {"last_updated": "2011-06-28 01:55:42", "name": "Registration", "audience": 3, "sort_order": 0, "date_created": "2011-06-28 01:55:42", "slug": "registration"}}, {"pk": 8, "model": "core.topic", "fields": {"last_updated": "2011-06-28 01:55:42", "name": "Registration", "audience": 2, "sort_order": 0, "date_created": "2011-06-28 01:55:42", "slug": "registration"}}, {"pk": 3, "model": "core.topic", "fields": {"last_updated": "2011-06-28 01:55:42", "name": "Account Management", "audience": 3, "sort_order": 1, "date_created": "2011-06-28 01:55:42", "slug": "account-management"}}, {"pk": 9, "model": "core.topic", "fields": {"last_updated": "2011-06-28 01:55:42", "name": "Account Management", "audience": 2, "sort_order": 1, "date_created": "2011-06-28 01:55:42", "slug": "account-management"}}, {"pk": 10, "model": "core.topic", "fields": {"last_updated": "2011-06-28 01:55:42", "name": "Employer Subscriptions", "audience": 2, "sort_order": 2, "date_created": "2011-06-28 01:55:42", "slug": "employer_subscriptions"}}, {"pk": 4, "model": "core.topic", "fields": {"last_updated": "2011-06-28 01:55:42", "name": "Student Filtering", "audience": 3, "sort_order": 2, "date_created": "2011-06-28 01:55:42", "slug": "student-filtering"}}, {"pk": 11, "model": "core.topic", "fields": {"last_updated": "2011-06-28 01:55:42", "name": "Events", "audience": 2, "sort_order": 3, "date_created": "2011-06-28 01:55:42", "slug": "events"}}, {"pk": 5, "model": "core.topic", "fields": {"last_updated": "2011-06-28 01:55:42", "name": "Resumebooks", "audience": 3, "sort_order": 3, "date_created": "2011-06-28 01:55:42", "slug": "resumebooks"}}, {"pk": 6, "model": "core.topic", "fields": {"last_updated": "2011-06-28 01:55:42", "name": "Events", "audience": 3, "sort_order": 4, "date_created": "2011-06-28 01:55:42", "slug": "events"}}, {"pk": 12, "model": "core.topic", "fields": {"last_updated": "2011-06-28 01:55:42", "name": "Invitations", "audience": 2, "sort_order": 4, "date_created": "2011-06-28 01:55:42", "slug": "invitations"}}, {"pk": 7, "model": "core.topic", "fields": {"last_updated": "2011-06-28 01:55:42", "name": "Invitations", "audience": 3, "sort_order": 5, "date_created": "2011-06-28 01:55:42", "slug": "invitations"}}, {"pk": 1, "model": "core.question", "fields": {"status": 1, "last_updated": "2011-06-28 01:55:42", "question": "What is Umeqo?", "topic": 1, "audience": 0, "sort_order": 0, "answer": "Umeqo is a new platform for helping students and employers connect during recruiting season.", "date_created": "2011-06-28 01:55:42", "slug": "what-is-umeqo"}}, {"pk": 1, "model": "core.schoolyear", "fields": {"date_created": "2011-05-03 12:27:34", "last_updated": "2011-05-03 12:27:34", "name": "Freshman"}}, {"pk": 2, "model": "core.schoolyear", "fields": {"date_created": "2011-05-03 12:27:34", "last_updated": "2011-05-03 12:27:34", "name": "Sophomore"}}, {"pk": 3, "model": "core.schoolyear", "fields": {"date_created": "2011-05-03 12:27:34", "last_updated": "2011-05-03 12:27:34", "name": "Junior"}}, {"pk": 4, "model": "core.schoolyear", "fields": {"date_created": "2011-05-03 12:27:34", "last_updated": "2011-05-03 12:27:34", "name": "Senior"}}, {"pk": 5, "model": "core.schoolyear", "fields": {"date_created": "2011-05-03 12:27:34", "last_updated": "2011-07-06 05:54:59", "name": "Graduate (Masters)"}}, {"pk": 6, "model": "core.schoolyear", "fields": {"date_created": "2011-05-03 12:27:35", "last_updated": "2011-05-03 12:27:35", "name": "Graduate (PHD)"}}, {"pk": 1, "model": "core.graduationyear", "fields": {"date_created": "2011-05-03 12:27:35", "last_updated": "2011-05-03 12:27:35", "year": 2012}}, {"pk": 2, "model": "core.graduationyear", "fields": {"date_created": "2011-05-03 12:27:35", "last_updated": "2011-05-03 12:27:35", "year": 2013}}, {"pk": 3, "model": "core.graduationyear", "fields": {"date_created": "2011-05-03 12:27:35", "last_updated": "2011-05-03 12:27:35", "year": 2014}}, {"pk": 4, "model": "core.graduationyear", "fields": {"date_created": "2011-05-03 12:27:35", "last_updated": "2011-05-03 12:27:35", "year": 2015}}, {"pk": 5, "model": "core.graduationyear", "fields": {"date_created": "2011-05-03 12:27:35", "last_updated": "2011-05-03 12:27:35", "year": 2016}}, {"pk": 6, "model": "core.graduationyear", "fields": {"date_created": "2011-07-04 18:32:46", "last_updated": "2011-07-04 18:32:46", "year": 2017}}, {"pk": 52, "model": "core.language", "fields": {"date_created": "2011-07-04 19:01:08", "last_updated": "2011-07-04 19:01:08", "name": "Czech (Basic)"}}, {"pk": 51, "model": "core.language", "fields": {"date_created": "2011-07-04 19:01:00", "last_updated": "2011-07-04 19:01:00", "name": "Croatian (Fluent)"}}, {"pk": 50, "model": "core.language", "fields": {"date_created": "2011-07-04 19:00:54", "last_updated": "2011-07-04 19:00:54", "name": "Croatian (Proficient)"}}, {"pk": 49, "model": "core.language", "fields": {"date_created": "2011-07-04 19:00:46", "last_updated": "2011-07-04 19:00:46", "name": "Croatian (Basic)"}}, {"pk": 48, "model": "core.language", "fields": {"date_created": "2011-07-04 19:00:38", "last_updated": "2011-07-04 19:00:38", "name": "Chinese (Fluent)"}}, {"pk": 47, "model": "core.language", "fields": {"date_created": "2011-07-04 19:00:32", "last_updated": "2011-07-04 19:00:32", "name": "Chinese (Proficient)"}}, {"pk": 46, "model": "core.language", "fields": {"date_created": "2011-07-04 19:00:15", "last_updated": "2011-07-04 19:00:15", "name": "Chinese (Basic)"}}, {"pk": 45, "model": "core.language", "fields": {"date_created": "2011-07-04 19:00:10", "last_updated": "2011-07-04 19:00:10", "name": "Cantonese (Fluent)"}}, {"pk": 44, "model": "core.language", "fields": {"date_created": "2011-07-04 18:59:53", "last_updated": "2011-07-04 18:59:53", "name": "Cantonese (Proficient)"}}, {"pk": 43, "model": "core.language", "fields": {"date_created": "2011-07-04 18:59:46", "last_updated": "2011-07-04 18:59:46", "name": "Cantonese (Basic)"}}, {"pk": 42, "model": "core.language", "fields": {"date_created": "2011-07-04 18:58:21", "last_updated": "2011-07-04 18:58:21", "name": "Bulgarian (Fluent)"}}, {"pk": 41, "model": "core.language", "fields": {"date_created": "2011-07-04 18:58:15", "last_updated": "2011-07-04 18:58:15", "name": "Bulgarian (Proficient)"}}, {"pk": 40, "model": "core.language", "fields": {"date_created": "2011-07-04 18:58:07", "last_updated": "2011-07-04 18:58:07", "name": "Bulgarian (Basic)"}}, {"pk": 39, "model": "core.language", "fields": {"date_created": "2011-07-04 18:57:53", "last_updated": "2011-07-04 18:57:53", "name": "Bengali (Fluent)"}}, {"pk": 38, "model": "core.language", "fields": {"date_created": "2011-07-04 18:57:48", "last_updated": "2011-07-04 18:57:48", "name": "Bengali (Proficient)"}}, {"pk": 37, "model": "core.language", "fields": {"date_created": "2011-07-04 18:57:40", "last_updated": "2011-07-04 18:57:40", "name": "Bengali (Basic)"}}, {"pk": 36, "model": "core.language", "fields": {"date_created": "2011-07-04 18:57:33", "last_updated": "2011-07-04 18:57:33", "name": "Arabic (Fluent)"}}, {"pk": 35, "model": "core.language", "fields": {"date_created": "2011-07-04 18:57:28", "last_updated": "2011-07-04 18:57:28", "name": "Arabic (Proficient)"}}, {"pk": 34, "model": "core.language", "fields": {"date_created": "2011-07-04 18:57:16", "last_updated": "2011-07-04 18:57:16", "name": "Arabic (Basic)"}}, {"pk": 33, "model": "core.language", "fields": {"date_created": "2011-07-04 18:57:08", "last_updated": "2011-07-04 18:57:08", "name": "American Sign Language (Fluent)"}}, {"pk": 32, "model": "core.language", "fields": {"date_created": "2011-07-04 18:56:53", "last_updated": "2011-07-04 18:56:53", "name": "American Sign Language (Proficient)"}}, {"pk": 31, "model": "core.language", "fields": {"date_created": "2011-07-04 18:55:49", "last_updated": "2011-07-04 18:55:49", "name": "American Sign Language (Basic)"}}, {"pk": 53, "model": "core.language", "fields": {"date_created": "2011-07-04 19:01:16", "last_updated": "2011-07-04 19:01:16", "name": "Czech (Proficient)"}}, {"pk": 54, "model": "core.language", "fields": {"date_created": "2011-07-04 19:01:31", "last_updated": "2011-07-04 19:01:31", "name": "Czech (Fluent)"}}, {"pk": 55, "model": "core.language", "fields": {"date_created": "2011-07-04 19:01:38", "last_updated": "2011-07-04 19:01:38", "name": "Danish (Basic)"}}, {"pk": 56, "model": "core.language", "fields": {"date_created": "2011-07-04 19:01:44", "last_updated": "2011-07-04 19:01:44", "name": "Danish (Proficient)"}}, {"pk": 57, "model": "core.language", "fields": {"date_created": "2011-07-04 19:01:51", "last_updated": "2011-07-04 19:01:51", "name": "Danish (Fluent)"}}, {"pk": 58, "model": "core.language", "fields": {"date_created": "2011-07-04 19:01:57", "last_updated": "2011-07-04 19:01:57", "name": "Dutch (Basic)"}}, {"pk": 59, "model": "core.language", "fields": {"date_created": "2011-07-04 19:02:03", "last_updated": "2011-07-04 19:02:03", "name": "Dutch (Proficient)"}}, {"pk": 60, "model": "core.language", "fields": {"date_created": "2011-07-04 19:02:08", "last_updated": "2011-07-04 19:02:08", "name": "Dutch (Fluent)"}}, {"pk": 61, "model": "core.language", "fields": {"date_created": "2011-07-04 19:02:15", "last_updated": "2011-07-04 19:02:15", "name": "Estonian (Basic)"}}, {"pk": 62, "model": "core.language", "fields": {"date_created": "2011-07-04 19:02:34", "last_updated": "2011-07-04 19:02:34", "name": "Estonian (Proficient)"}}, {"pk": 63, "model": "core.language", "fields": {"date_created": "2011-07-04 19:02:41", "last_updated": "2011-07-04 19:02:41", "name": "Estonian (Fluent)"}}, {"pk": 64, "model": "core.language", "fields": {"date_created": "2011-07-04 19:02:46", "last_updated": "2011-07-04 19:02:46", "name": "Farsi (Basic)"}}, {"pk": 65, "model": "core.language", "fields": {"date_created": "2011-07-04 19:02:52", "last_updated": "2011-07-04 19:02:52", "name": "Farsi (Proficient)"}}, {"pk": 66, "model": "core.language", "fields": {"date_created": "2011-07-04 19:02:56", "last_updated": "2011-07-04 19:02:56", "name": "Farsi (Fluent)"}}, {"pk": 67, "model": "core.language", "fields": {"date_created": "2011-07-04 19:03:27", "last_updated": "2011-07-04 19:03:27", "name": "Finnish (Basic)"}}, {"pk": 68, "model": "core.language", "fields": {"date_created": "2011-07-04 19:03:34", "last_updated": "2011-07-04 19:03:34", "name": "Finnish (Proficient)"}}, {"pk": 69, "model": "core.language", "fields": {"date_created": "2011-07-04 19:03:39", "last_updated": "2011-07-04 19:03:39", "name": "Finnish (Fluent)"}}, {"pk": 70, "model": "core.language", "fields": {"date_created": "2011-07-04 19:03:44", "last_updated": "2011-07-04 19:03:44", "name": "French (Basic)"}}, {"pk": 71, "model": "core.language", "fields": {"date_created": "2011-07-04 19:03:49", "last_updated": "2011-07-04 19:03:49", "name": "French (Proficient)"}}, {"pk": 72, "model": "core.language", "fields": {"date_created": "2011-07-04 19:03:54", "last_updated": "2011-07-04 19:03:54", "name": "French (Fluent)"}}, {"pk": 73, "model": "core.language", "fields": {"date_created": "2011-07-04 19:04:01", "last_updated": "2011-07-04 19:04:01", "name": "German (Basic)"}}, {"pk": 74, "model": "core.language", "fields": {"date_created": "2011-07-04 19:04:07", "last_updated": "2011-07-04 19:04:07", "name": "German (Proficient)"}}, {"pk": 75, "model": "core.language", "fields": {"date_created": "2011-07-04 19:04:14", "last_updated": "2011-07-04 19:04:14", "name": "German (Fluent)"}}, {"pk": 76, "model": "core.language", "fields": {"date_created": "2011-07-04 19:04:19", "last_updated": "2011-07-04 19:04:19", "name": "Greek (Basic)"}}, {"pk": 77, "model": "core.language", "fields": {"date_created": "2011-07-04 19:04:28", "last_updated": "2011-07-04 19:04:28", "name": "Greek (Proficient)"}}, {"pk": 78, "model": "core.language", "fields": {"date_created": "2011-07-04 19:04:37", "last_updated": "2011-07-04 19:04:37", "name": "Greek (Fluent)"}}, {"pk": 79, "model": "core.language", "fields": {"date_created": "2011-07-04 19:04:44", "last_updated": "2011-07-04 19:04:44", "name": "Hebrew (Basic)"}}, {"pk": 80, "model": "core.language", "fields": {"date_created": "2011-07-04 19:05:22", "last_updated": "2011-07-04 19:05:22", "name": "Hebrew (Proficient)"}}, {"pk": 81, "model": "core.language", "fields": {"date_created": "2011-07-04 19:05:34", "last_updated": "2011-07-04 19:05:34", "name": "Hebrew (Fluent)"}}, {"pk": 82, "model": "core.language", "fields": {"date_created": "2011-07-04 19:05:56", "last_updated": "2011-07-04 19:05:56", "name": "Hindi (Basic)"}}, {"pk": 83, "model": "core.language", "fields": {"date_created": "2011-07-04 19:06:01", "last_updated": "2011-07-04 19:06:01", "name": "Hindi (Proficient)"}}, {"pk": 84, "model": "core.language", "fields": {"date_created": "2011-07-04 19:06:07", "last_updated": "2011-07-04 19:06:07", "name": "Hindi (Fluent)"}}, {"pk": 85, "model": "core.language", "fields": {"date_created": "2011-07-04 19:06:52", "last_updated": "2011-07-04 19:06:52", "name": "Hungarian (Basic)"}}, {"pk": 86, "model": "core.language", "fields": {"date_created": "2011-07-04 19:06:59", "last_updated": "2011-07-04 19:06:59", "name": "Hungarian (Proficient)"}}, {"pk": 87, "model": "core.language", "fields": {"date_created": "2011-07-04 19:07:09", "last_updated": "2011-07-04 19:07:09", "name": "Hungarian (Fluent)"}}, {"pk": 88, "model": "core.language", "fields": {"date_created": "2011-07-04 19:07:14", "last_updated": "2011-07-04 19:07:14", "name": "Icelandic (Basic)"}}, {"pk": 89, "model": "core.language", "fields": {"date_created": "2011-07-04 19:07:21", "last_updated": "2011-07-04 19:07:21", "name": "Icelandic (Proficient)"}}, {"pk": 90, "model": "core.language", "fields": {"date_created": "2011-07-04 19:07:26", "last_updated": "2011-07-04 19:07:26", "name": "Icelandic (Fluent)"}}, {"pk": 91, "model": "core.language", "fields": {"date_created": "2011-07-04 19:08:03", "last_updated": "2011-07-04 19:08:03", "name": "Italian (Basic)"}}, {"pk": 92, "model": "core.language", "fields": {"date_created": "2011-07-04 19:08:08", "last_updated": "2011-07-04 19:08:08", "name": "Italian (Proficient)"}}, {"pk": 93, "model": "core.language", "fields": {"date_created": "2011-07-04 19:08:14", "last_updated": "2011-07-04 19:08:14", "name": "Italian (Fluent)"}}, {"pk": 94, "model": "core.language", "fields": {"date_created": "2011-07-04 19:08:22", "last_updated": "2011-07-04 19:08:22", "name": "Japanese (Basic)"}}, {"pk": 95, "model": "core.language", "fields": {"date_created": "2011-07-04 19:08:27", "last_updated": "2011-07-04 19:08:27", "name": "Japanese (Proficient)"}}, {"pk": 96, "model": "core.language", "fields": {"date_created": "2011-07-04 19:08:33", "last_updated": "2011-07-04 19:08:33", "name": "Japanese (Fluent)"}}, {"pk": 97, "model": "core.language", "fields": {"date_created": "2011-07-04 19:08:49", "last_updated": "2011-07-04 19:08:49", "name": "Korean (Basic)"}}, {"pk": 98, "model": "core.language", "fields": {"date_created": "2011-07-04 19:08:54", "last_updated": "2011-07-04 19:08:54", "name": "Korean (Proficient)"}}, {"pk": 99, "model": "core.language", "fields": {"date_created": "2011-07-04 19:09:01", "last_updated": "2011-07-04 19:09:01", "name": "Korean (Fluent)"}}, {"pk": 100, "model": "core.language", "fields": {"date_created": "2011-07-04 19:09:08", "last_updated": "2011-07-04 19:09:08", "name": "Latvian (Basic)"}}, {"pk": 101, "model": "core.language", "fields": {"date_created": "2011-07-04 19:09:17", "last_updated": "2011-07-04 19:09:17", "name": "Latvian (Proficient)"}}, {"pk": 102, "model": "core.language", "fields": {"date_created": "2011-07-04 19:09:26", "last_updated": "2011-07-04 19:09:26", "name": "Latvian (Fluent)"}}, {"pk": 103, "model": "core.language", "fields": {"date_created": "2011-07-04 19:09:36", "last_updated": "2011-07-04 19:09:36", "name": "Lithuanian (Basic)"}}, {"pk": 104, "model": "core.language", "fields": {"date_created": "2011-07-04 19:09:46", "last_updated": "2011-07-04 19:09:46", "name": "Lithuanian (Proficient)"}}, {"pk": 105, "model": "core.language", "fields": {"date_created": "2011-07-04 19:10:06", "last_updated": "2011-07-04 19:10:06", "name": "Lithuanian (Fluent)"}}, {"pk": 106, "model": "core.language", "fields": {"date_created": "2011-07-04 19:10:13", "last_updated": "2011-07-04 19:10:13", "name": "Mandarin (Basic)"}}, {"pk": 107, "model": "core.language", "fields": {"date_created": "2011-07-04 19:10:19", "last_updated": "2011-07-04 19:10:19", "name": "Mandarin (Proficient)"}}, {"pk": 108, "model": "core.language", "fields": {"date_created": "2011-07-04 19:10:44", "last_updated": "2011-07-04 19:10:44", "name": "Mandarin (Fluent)"}}, {"pk": 109, "model": "core.language", "fields": {"date_created": "2011-07-04 19:11:00", "last_updated": "2011-07-04 19:11:00", "name": "Norwegian (Basic)"}}, {"pk": 110, "model": "core.language", "fields": {"date_created": "2011-07-04 19:11:07", "last_updated": "2011-07-04 19:11:07", "name": "Norwegian (Proficient)"}}, {"pk": 111, "model": "core.language", "fields": {"date_created": "2011-07-04 19:11:12", "last_updated": "2011-07-04 19:11:12", "name": "Norwegian (Fluent)"}}, {"pk": 112, "model": "core.language", "fields": {"date_created": "2011-07-04 19:11:21", "last_updated": "2011-07-04 19:11:21", "name": "Polish (Basic)"}}, {"pk": 113, "model": "core.language", "fields": {"date_created": "2011-07-04 19:11:31", "last_updated": "2011-07-04 19:11:31", "name": "Polish (Proficient)"}}, {"pk": 114, "model": "core.language", "fields": {"date_created": "2011-07-04 19:11:36", "last_updated": "2011-07-04 19:11:36", "name": "Polish (Fluent)"}}, {"pk": 115, "model": "core.language", "fields": {"date_created": "2011-07-04 19:11:50", "last_updated": "2011-07-04 19:11:50", "name": "Portuguese (Basic)"}}, {"pk": 116, "model": "core.language", "fields": {"date_created": "2011-07-04 19:12:08", "last_updated": "2011-07-04 19:12:08", "name": "Portuguese (Proficient)"}}, {"pk": 117, "model": "core.language", "fields": {"date_created": "2011-07-04 19:12:14", "last_updated": "2011-07-04 19:12:14", "name": "Portuguese (Fluent)"}}, {"pk": 118, "model": "core.language", "fields": {"date_created": "2011-07-04 19:12:23", "last_updated": "2011-07-04 19:12:23", "name": "Romanian (Basic)"}}, {"pk": 119, "model": "core.language", "fields": {"date_created": "2011-07-04 19:12:35", "last_updated": "2011-07-04 19:12:35", "name": "Romanian (Proficient)"}}, {"pk": 120, "model": "core.language", "fields": {"date_created": "2011-07-04 19:12:42", "last_updated": "2011-07-04 19:12:42", "name": "Romanian (Fluent)"}}, {"pk": 121, "model": "core.language", "fields": {"date_created": "2011-07-04 19:12:50", "last_updated": "2011-07-04 19:12:50", "name": "Russian (Basic)"}}, {"pk": 122, "model": "core.language", "fields": {"date_created": "2011-07-04 19:12:54", "last_updated": "2011-07-04 19:12:54", "name": "Russian (Proficient)"}}, {"pk": 123, "model": "core.language", "fields": {"date_created": "2011-07-04 19:12:59", "last_updated": "2011-07-04 19:12:59", "name": "Russian (Fluent)"}}, {"pk": 124, "model": "core.language", "fields": {"date_created": "2011-07-04 19:13:09", "last_updated": "2011-07-04 19:13:09", "name": "Slovak (Basic)"}}, {"pk": 125, "model": "core.language", "fields": {"date_created": "2011-07-04 19:13:17", "last_updated": "2011-07-04 19:13:17", "name": "Slovak (Proficient)"}}, {"pk": 126, "model": "core.language", "fields": {"date_created": "2011-07-04 19:13:23", "last_updated": "2011-07-04 19:13:23", "name": "Slovak (Fluent)"}}, {"pk": 127, "model": "core.language", "fields": {"date_created": "2011-07-04 19:13:30", "last_updated": "2011-07-04 19:13:30", "name": "Spanish (Basic)"}}, {"pk": 128, "model": "core.language", "fields": {"date_created": "2011-07-04 19:13:36", "last_updated": "2011-07-04 19:13:36", "name": "Spanish (Proficient)"}}, {"pk": 129, "model": "core.language", "fields": {"date_created": "2011-07-04 19:13:42", "last_updated": "2011-07-04 19:13:42", "name": "Spanish (Fluent)"}}, {"pk": 130, "model": "core.language", "fields": {"date_created": "2011-07-04 19:13:49", "last_updated": "2011-07-04 19:13:49", "name": "Swedish (Basic)"}}, {"pk": 131, "model": "core.language", "fields": {"date_created": "2011-07-04 19:13:55", "last_updated": "2011-07-04 19:13:55", "name": "Swedish (Proficient)"}}, {"pk": 132, "model": "core.language", "fields": {"date_created": "2011-07-04 19:14:01", "last_updated": "2011-07-04 19:14:01", "name": "Swedish (Fluent)"}}, {"pk": 133, "model": "core.language", "fields": {"date_created": "2011-07-04 19:14:07", "last_updated": "2011-07-04 19:14:07", "name": "Taiwanese (Basic)"}}, {"pk": 134, "model": "core.language", "fields": {"date_created": "2011-07-04 19:17:23", "last_updated": "2011-07-04 19:17:23", "name": "Taiwanese (Proficient)"}}, {"pk": 135, "model": "core.language", "fields": {"date_created": "2011-07-04 19:17:31", "last_updated": "2011-07-04 19:17:31", "name": "Taiwanese (Fluent)"}}, {"pk": 136, "model": "core.language", "fields": {"date_created": "2011-07-04 19:17:37", "last_updated": "2011-07-04 19:17:37", "name": "Thai (Basic)"}}, {"pk": 137, "model": "core.language", "fields": {"date_created": "2011-07-04 19:17:59", "last_updated": "2011-07-04 19:17:59", "name": "Thai (Proficient)"}}, {"pk": 138, "model": "core.language", "fields": {"date_created": "2011-07-04 19:18:03", "last_updated": "2011-07-04 19:18:03", "name": "Thai (Fluent)"}}, {"pk": 139, "model": "core.language", "fields": {"date_created": "2011-07-04 19:18:09", "last_updated": "2011-07-04 19:18:09", "name": "Turkish (Basic)"}}, {"pk": 140, "model": "core.language", "fields": {"date_created": "2011-07-04 19:18:15", "last_updated": "2011-07-04 19:18:15", "name": "Turkish (Proficient)"}}, {"pk": 141, "model": "core.language", "fields": {"date_created": "2011-07-04 19:18:20", "last_updated": "2011-07-04 19:18:20", "name": "Turkish (Fluent)"}}, {"pk": 142, "model": "core.language", "fields": {"date_created": "2011-07-04 19:18:30", "last_updated": "2011-07-04 19:18:30", "name": "Urdu (Basic)"}}, {"pk": 143, "model": "core.language", "fields": {"date_created": "2011-07-04 19:18:35", "last_updated": "2011-07-04 19:18:35", "name": "Urdu (Proficient)"}}, {"pk": 144, "model": "core.language", "fields": {"date_created": "2011-07-04 19:18:43", "last_updated": "2011-07-04 19:18:43", "name": "Urdu (Fluent)"}}, {"pk": 145, "model": "core.language", "fields": {"date_created": "2011-07-04 19:18:50", "last_updated": "2011-07-04 19:18:50", "name": "Vietnamese (Basic)"}}, {"pk": 146, "model": "core.language", "fields": {"date_created": "2011-07-04 19:18:57", "last_updated": "2011-07-04 19:18:57", "name": "Vietnamese (Proficient)"}}, {"pk": 147, "model": "core.language", "fields": {"date_created": "2011-07-04 19:19:05", "last_updated": "2011-07-04 19:19:05", "name": "Vietnamese (Fluent)"}}, {"pk": 1, "model": "core.language", "fields": {"date_created": "2011-05-03 12:27:35", "last_updated": "2011-05-03 12:27:35", "name": "English (Basic)"}}, {"pk": 2, "model": "core.language", "fields": {"date_created": "2011-05-03 12:27:35", "last_updated": "2011-05-03 12:27:35", "name": "English (Proficient)"}}, {"pk": 3, "model": "core.language", "fields": {"date_created": "2011-05-03 12:27:35", "last_updated": "2011-05-03 12:27:35", "name": "English (Fluent)"}}, {"pk": 9, "model": "core.course", "fields": {"website": "", "last_updated": "2011-05-03 12:27:35", "description": "", "admin": null, "image": "", "email": "", "num": "1", "date_created": "2011-05-03 12:27:35", "sort_order": 1, "display": false, "name": "Civil and Environmental Engineering"}}, {"pk": 26, "model": "core.course", "fields": {"website": "", "last_updated": "2011-05-03 12:27:35", "description": "", "admin": null, "image": "", "email": "", "num": "2", "date_created": "2011-05-03 12:27:35", "sort_order": 2, "display": false, "name": "Mechanical Engineering"}}, {"pk": 24, "model": "core.course", "fields": {"website": "", "last_updated": "2011-05-03 12:27:35", "description": "", "admin": null, "image": "", "email": "", "num": "3", "date_created": "2011-05-03 12:27:35", "sort_order": 3, "display": false, "name": "Materials Science and Engineering"}}, {"pk": 3, "model": "core.course", "fields": {"website": "", "last_updated": "2011-05-03 12:27:35", "description": "", "admin": null, "image": "", "email": "", "num": "4", "date_created": "2011-05-03 12:27:35", "sort_order": 4, "display": false, "name": "Architecture"}}, {"pk": 8, "model": "core.course", "fields": {"website": "", "last_updated": "2011-05-03 12:27:35", "description": "", "admin": null, "image": "", "email": "", "num": "5", "date_created": "2011-05-03 12:27:35", "sort_order": 5, "display": false, "name": "Chemistry"}}, {"pk": 16, "model": "core.course", "fields": {"website": "", "last_updated": "2011-05-03 12:27:35", "description": "", "admin": null, "image": "", "email": "", "num": "6-1", "date_created": "2011-05-03 12:27:35", "sort_order": 6, "display": false, "name": "Electrical Science and Engineering"}}, {"pk": 15, "model": "core.course", "fields": {"website": "", "last_updated": "2011-05-03 12:27:35", "description": "", "admin": null, "image": "", "email": "", "num": "6-2", "date_created": "2011-05-03 12:27:35", "sort_order": 7, "display": false, "name": "Electrical Engineering & Computer Science"}}, {"pk": 12, "model": "core.course", "fields": {"website": "", "last_updated": "2011-05-03 12:27:35", "description": "", "admin": null, "image": "", "email": "", "num": "6-3", "date_created": "2011-05-03 12:27:35", "sort_order": 8, "display": false, "name": "Computer Science and Engineering"}}, {"pk": 5, "model": "core.course", "fields": {"website": "", "last_updated": "2011-05-03 12:27:35", "description": "", "admin": null, "image": "", "email": "", "num": "7", "date_created": "2011-05-03 12:27:35", "sort_order": 9, "display": false, "name": "Biology"}}, {"pk": 31, "model": "core.course", "fields": {"website": "", "last_updated": "2011-05-03 12:27:35", "description": "", "admin": null, "image": "", "email": "", "num": "8", "date_created": "2011-05-03 12:27:35", "sort_order": 10, "display": false, "name": "Physics"}}, {"pk": 6, "model": "core.course", "fields": {"website": "", "last_updated": "2011-05-03 12:27:35", "description": "", "admin": null, "image": "", "email": "", "num": "9", "date_created": "2011-05-03 12:27:35", "sort_order": 11, "display": false, "name": "Brain and Cognitive Sciences"}}, {"pk": 7, "model": "core.course", "fields": {"website": "", "last_updated": "2011-05-03 12:27:35", "description": "", "admin": null, "image": "", "email": "", "num": "10", "date_created": "2011-05-03 12:27:35", "sort_order": 12, "display": false, "name": "Chemical Engineering"}}, {"pk": 34, "model": "core.course", "fields": {"website": "", "last_updated": "2011-05-03 12:27:36", "description": "", "admin": null, "image": "", "email": "", "num": "11", "date_created": "2011-05-03 12:27:36", "sort_order": 13, "display": false, "name": "Urban Studies and Planning"}}, {"pk": 13, "model": "core.course", "fields": {"website": "", "last_updated": "2011-05-03 12:27:35", "description": "", "admin": null, "image": "", "email": "", "num": "12", "date_created": "2011-05-03 12:27:35", "sort_order": 14, "display": false, "name": "Earth, Atmosphere & Planetary Sciences"}}, {"pk": 30, "model": "core.course", "fields": {"website": "", "last_updated": "2011-05-03 12:27:35", "description": "", "admin": null, "image": "", "email": "", "num": "13", "date_created": "2011-05-03 12:27:35", "sort_order": 15, "display": false, "name": "Ocean Engineering"}}, {"pk": 14, "model": "core.course", "fields": {"website": "", "last_updated": "2011-05-03 12:27:35", "description": "", "admin": null, "image": "", "email": "", "num": "14", "date_created": "2011-05-03 12:27:35", "sort_order": 16, "display": false, "name": "Economics"}}, {"pk": 23, "model": "core.course", "fields": {"website": "", "last_updated": "2011-05-03 12:27:35", "description": "", "admin": null, "image": "", "email": "", "num": "15", "date_created": "2011-05-03 12:27:35", "sort_order": 17, "display": false, "name": "Management"}}, {"pk": 1, "model": "core.course", "fields": {"website": "", "last_updated": "2011-05-03 12:27:35", "description": "", "admin": null, "image": "", "email": "", "num": "16", "date_created": "2011-05-03 12:27:35", "sort_order": 18, "display": false, "name": "Aeronautics and Astronautics"}}, {"pk": 32, "model": "core.course", "fields": {"website": "", "last_updated": "2011-05-03 12:27:36", "description": "", "admin": null, "image": "", "email": "", "num": "17", "date_created": "2011-05-03 12:27:36", "sort_order": 19, "display": false, "name": "Political Science"}}, {"pk": 25, "model": "core.course", "fields": {"website": "http://math.mit.edu", "last_updated": "2011-05-03 12:27:35", "description": "MIT's Mathematics Department is one of the strongest in the world, representing a broad spectrum of fields ranging from the traditional areas of pure mathematics such as analysis, algebra, geometry, and topology, to applied mathematics areas such as combinatorics, computational biology, fluid dynamics, theoretical computer science, and theoretical physics.", "admin": null, "image": "", "email": "math@mit.edu", "num": "18", "date_created": "2011-05-03 12:27:35", "sort_order": 20, "display": false, "name": "Mathematics"}}, {"pk": 4, "model": "core.course", "fields": {"website": "", "last_updated": "2011-05-03 12:27:35", "description": "", "admin": null, "image": "", "email": "", "num": "20", "date_created": "2011-05-03 12:27:35", "sort_order": 21, "display": false, "name": "Biological Engineering"}}, {"pk": 2, "model": "core.course", "fields": {"website": "", "last_updated": "2011-05-03 12:27:35", "description": "", "admin": null, "image": "", "email": "", "num": "21A", "date_created": "2011-05-03 12:27:35", "sort_order": 22, "display": false, "name": "Anthropology"}}, {"pk": 18, "model": "core.course", "fields": {"website": "", "last_updated": "2011-05-03 12:27:35", "description": "", "admin": null, "image": "", "email": "", "num": "21F", "date_created": "2011-05-03 12:27:35", "sort_order": 23, "display": false, "name": "Foreign Languages and Literatures"}}, {"pk": 20, "model": "core.course", "fields": {"website": "", "last_updated": "2011-05-03 12:27:35", "description": "", "admin": null, "image": "", "email": "", "num": "21H", "date_created": "2011-05-03 12:27:35", "sort_order": 24, "display": false, "name": "History"}}, {"pk": 22, "model": "core.course", "fields": {"website": "", "last_updated": "2011-05-03 12:27:35", "description": "", "admin": null, "image": "", "email": "", "num": "21L", "date_created": "2011-05-03 12:27:35", "sort_order": 25, "display": false, "name": "Literature"}}, {"pk": 28, "model": "core.course", "fields": {"website": "", "last_updated": "2011-05-03 12:27:35", "description": "", "admin": null, "image": "", "email": "", "num": "21M", "date_created": "2011-05-03 12:27:35", "sort_order": 26, "display": false, "name": "Music and Theater Arts"}}, {"pk": 35, "model": "core.course", "fields": {"website": "", "last_updated": "2011-05-03 12:27:36", "description": "", "admin": null, "image": "", "email": "", "num": "21W", "date_created": "2011-05-03 12:27:36", "sort_order": 27, "display": false, "name": "Writing and Humanistic Studies"}}, {"pk": 29, "model": "core.course", "fields": {"website": "", "last_updated": "2011-05-03 12:27:35", "description": "", "admin": null, "image": "", "email": "", "num": "22", "date_created": "2011-05-03 12:27:35", "sort_order": 28, "display": false, "name": "Nuclear Engineering"}}, {"pk": 21, "model": "core.course", "fields": {"website": "", "last_updated": "2011-05-03 12:27:35", "description": "", "admin": null, "image": "", "email": "", "num": "24", "date_created": "2011-05-03 12:27:35", "sort_order": 29, "display": false, "name": "Linguistics and Philosophy"}}, {"pk": 10, "model": "core.course", "fields": {"website": "", "last_updated": "2011-05-03 12:27:35", "description": "", "admin": null, "image": "", "email": "", "num": "CMS", "date_created": "2011-05-03 12:27:35", "sort_order": 30, "display": false, "name": "Comparable Media Studies"}}, {"pk": 11, "model": "core.course", "fields": {"website": "", "last_updated": "2011-05-03 12:27:35", "description": "", "admin": null, "image": "", "email": "", "num": "CSB", "date_created": "2011-05-03 12:27:35", "sort_order": 31, "display": false, "name": "Computational and Systems Biology"}}, {"pk": 17, "model": "core.course", "fields": {"website": "", "last_updated": "2011-05-03 12:27:35", "description": "", "admin": null, "image": "", "email": "", "num": "ESD", "date_created": "2011-05-03 12:27:35", "sort_order": 32, "display": false, "name": "Engineering Systems"}}, {"pk": 19, "model": "core.course", "fields": {"website": "", "last_updated": "2011-05-03 12:27:35", "description": "", "admin": null, "image": "", "email": "", "num": "HST", "date_created": "2011-05-03 12:27:35", "sort_order": 33, "display": false, "name": "Health Sciences and Technology"}}, {"pk": 33, "model": "core.course", "fields": {"website": "", "last_updated": "2011-05-03 12:27:36", "description": "", "admin": null, "image": "", "email": "", "num": "STS", "date_created": "2011-05-03 12:27:36", "sort_order": 34, "display": false, "name": "Science, Technology, and Society"}}, {"pk": 27, "model": "core.course", "fields": {"website": "", "last_updated": "2011-05-03 12:27:35", "description": "", "admin": null, "image": "", "email": "", "num": "MAS", "date_created": "2011-05-03 12:27:35", "sort_order": 35, "display": false, "name": "Media Arts and Sciences"}}, {"pk": 1, "model": "core.employmenttype", "fields": {"date_created": "2011-05-03 12:27:34", "sort_order": 0, "last_updated": "2011-05-07 15:34:18", "name": "Full-Time"}}, {"pk": 3, "model": "core.employmenttype", "fields": {"date_created": "2011-05-07 15:29:00", "sort_order": 1, "last_updated": "2011-05-07 15:34:04", "name": "Part-Time"}}, {"pk": 2, "model": "core.employmenttype", "fields": {"date_created": "2011-05-03 12:27:34", "sort_order": 2, "last_updated": "2011-05-07 15:33:43", "name": "Internship"}}, {"pk": 4, "model": "core.employmenttype", "fields": {"date_created": "2011-05-07 15:29:11", "sort_order": 3, "last_updated": "2011-05-07 15:33:29", "name": "Externship"}}, {"pk": 1, "model": "core.campusorgtype", "fields": {"date_created": "2011-05-03 12:27:36", "sort_order": 0, "last_updated": "2011-05-03 12:27:36", "name": "Academic Organization"}}, {"pk": 13, "model": "core.campusorgtype", "fields": {"date_created": "2011-05-03 12:27:36", "sort_order": 0, "last_updated": "2011-05-03 12:27:36", "name": "Religious Organization"}}, {"pk": 12, "model": "core.campusorgtype", "fields": {"date_created": "2011-05-03 12:27:36", "sort_order": 0, "last_updated": "2011-05-03 12:27:36", "name": "Technology Organization"}}, {"pk": 11, "model": "core.campusorgtype", "fields": {"date_created": "2011-05-03 12:27:36", "sort_order": 0, "last_updated": "2011-05-03 12:27:36", "name": "Sport"}}, {"pk": 10, "model": "core.campusorgtype", "fields": {"date_created": "2011-05-03 12:27:36", "sort_order": 0, "last_updated": "2011-05-03 12:27:36", "name": "Student Government Organization"}}, {"pk": 9, "model": "core.campusorgtype", "fields": {"date_created": "2011-05-03 12:27:36", "sort_order": 0, "last_updated": "2011-05-03 12:27:36", "name": "Service Organization"}}, {"pk": 8, "model": "core.campusorgtype", "fields": {"date_created": "2011-05-03 12:27:36", "sort_order": 0, "last_updated": "2011-05-03 12:27:36", "name": "Interest Group"}}, {"pk": 7, "model": "core.campusorgtype", "fields": {"date_created": "2011-05-03 12:27:36", "sort_order": 0, "last_updated": "2011-05-03 12:27:36", "name": "Living Group"}}, {"pk": 6, "model": "core.campusorgtype", "fields": {"date_created": "2011-05-03 12:27:36", "sort_order": 0, "last_updated": "2011-05-03 12:27:36", "name": "Greek Organization"}}, {"pk": 5, "model": "core.campusorgtype", "fields": {"date_created": "2011-05-03 12:27:36", "sort_order": 0, "last_updated": "2011-05-03 12:27:36", "name": "Business/Finance Organization"}}, {"pk": 4, "model": "core.campusorgtype", "fields": {"date_created": "2011-05-03 12:27:36", "sort_order": 0, "last_updated": "2011-05-03 12:27:36", "name": "Cultural Organization"}}, {"pk": 3, "model": "core.campusorgtype", "fields": {"date_created": "2011-05-03 12:27:36", "sort_order": 0, "last_updated": "2011-05-03 12:27:36", "name": "Competition"}}, {"pk": 2, "model": "core.campusorgtype", "fields": {"date_created": "2011-05-03 12:27:36", "sort_order": 0, "last_updated": "2011-05-03 12:27:36", "name": "Art/Music Organization"}}, {"pk": 14, "model": "core.campusorgtype", "fields": {"date_created": "2011-05-03 12:27:36", "sort_order": 0, "last_updated": "2011-05-03 12:27:36", "name": "Activism Organization"}}, {"pk": 1, "model": "core.campusorg", "fields": {"website": "http://www.mit100k.org/", "last_updated": "2011-05-03 12:27:36", "description": "The MIT $100K Entrepreneurship Competition is a year-long educational experience designed to encourage students and researchers in the MIT community to act on their talent, ideas and energy to produce tomorrow\u2019s leading firms.", "image": "", "email": "", "date_created": "2011-05-03 12:27:36", "type": 3, "display": false, "name": "100K Competititon"}}, {"pk": 2, "model": "core.campusorg", "fields": {"website": "http://web.mit.edu/13seas/www/", "last_updated": "2011-05-03 12:27:36", "description": "A collaboration of ocean science and engineering professional societies dedicated to enhancing the experience of ocean engineering, naval architecture, and marine technology students at the Massachusetts Institute of Technology.", "image": "", "email": "13seas-officers@mit.edu", "date_created": "2011-05-03 12:27:36", "type": 1, "display": false, "name": "13SEAS Student Engineering Association"}}, {"pk": 3, "model": "core.campusorg", "fields": {"website": "", "last_updated": "2011-05-03 12:27:36", "description": "", "image": "", "email": "", "date_created": "2011-05-03 12:27:36", "type": 1, "display": false, "name": "6.270 Autonomous Robot Design Competition"}}, {"pk": 4, "model": "core.campusorg", "fields": {"website": "", "last_updated": "2011-06-28 01:57:29", "description": "", "image": "", "email": "", "date_created": "2011-05-03 12:27:36", "type": 1, "display": false, "name": "Active Minds at MIT"}}, {"pk": 5, "model": "core.campusorg", "fields": {"website": "", "last_updated": "2011-05-03 12:27:36", "description": "", "image": "", "email": "", "date_created": "2011-05-03 12:27:36", "type": 1, "display": false, "name": "Africa Information Technology Initiative"}}, {"pk": 6, "model": "core.campusorg", "fields": {"website": "http://africans.mit.edu/", "last_updated": "2011-05-03 12:27:36", "description": "An organization bringing African culture to the MIT community, fostering a community of students with an interest in African culture and issue.", "image": "", "email": "", "date_created": "2011-05-03 12:27:36", "type": 4, "display": false, "name": "African Students Association"}}, {"pk": 7, "model": "core.campusorg", "fields": {"website": "", "last_updated": "2011-05-03 12:27:36", "description": "", "image": "", "email": "", "date_created": "2011-05-03 12:27:36", "type": 1, "display": false, "name": "AID-MIT"}}, {"pk": 8, "model": "core.campusorg", "fields": {"website": "http://axo.mit.edu/", "last_updated": "2011-05-03 12:27:36", "description": "Alpha Chi Omega is a national women's organization that enriches the lives of both its collegiate and alumnae members through lifetime opportunities for friendship, leadership, learning & service.", "image": "", "email": "axo-president@mit.edu", "date_created": "2011-05-03 12:27:36", "type": 6, "display": false, "name": "Alpha Chi Omega"}}, {"pk": 9, "model": "core.campusorg", "fields": {"website": "", "last_updated": "2011-05-03 12:27:36", "description": "", "image": "", "email": "", "date_created": "2011-05-03 12:27:36", "type": 1, "display": false, "name": "Alpha Epsilon Phi"}}, {"pk": 10, "model": "core.campusorg", "fields": {"website": "", "last_updated": "2011-05-03 12:27:36", "description": "", "image": "", "email": "", "date_created": "2011-05-03 12:27:36", "type": 1, "display": false, "name": "Alpha Epsilon Pi Fraternity"}}, {"pk": 11, "model": "core.campusorg", "fields": {"website": "", "last_updated": "2011-05-03 12:27:36", "description": "", "image": "", "email": "", "date_created": "2011-05-03 12:27:36", "type": 1, "display": false, "name": "Alpha Omega"}}, {"pk": 12, "model": "core.campusorg", "fields": {"website": "", "last_updated": "2011-05-03 12:27:36", "description": "", "image": "", "email": "", "date_created": "2011-05-03 12:27:36", "type": 1, "display": false, "name": "Alpha Phi Alpha Fraternity, Inc"}}, {"pk": 13, "model": "core.campusorg", "fields": {"website": "", "last_updated": "2011-05-03 12:27:36", "description": "", "image": "", "email": "", "date_created": "2011-05-03 12:27:36", "type": 1, "display": false, "name": "Alpha Phi Omega, Alpha Chi Chapter of"}}, {"pk": 14, "model": "core.campusorg", "fields": {"website": "", "last_updated": "2011-05-03 12:27:36", "description": "", "image": "", "email": "", "date_created": "2011-05-03 12:27:36", "type": 1, "display": false, "name": "Alpine Ski Club"}}, {"pk": 15, "model": "core.campusorg", "fields": {"website": "", "last_updated": "2011-05-03 12:27:36", "description": "", "image": "", "email": "", "date_created": "2011-05-03 12:27:36", "type": 1, "display": false, "name": "Alternative Spring Break"}}, {"pk": 16, "model": "core.campusorg", "fields": {"website": "", "last_updated": "2011-05-03 12:27:36", "description": "", "image": "", "email": "", "date_created": "2011-05-03 12:27:36", "type": 1, "display": false, "name": "American Jiu Jitsu at MIT"}}, {"pk": 17, "model": "core.campusorg", "fields": {"website": "", "last_updated": "2011-05-03 12:27:36", "description": "", "image": "", "email": "", "date_created": "2011-05-03 12:27:36", "type": 1, "display": false, "name": "American Medical Students Association"}}, {"pk": 18, "model": "core.campusorg", "fields": {"website": "", "last_updated": "2011-05-03 12:27:36", "description": "", "image": "", "email": "", "date_created": "2011-05-03 12:27:36", "type": 1, "display": false, "name": "American Nuclear Society"}}, {"pk": 19, "model": "core.campusorg", "fields": {"website": "", "last_updated": "2011-05-03 12:27:36", "description": "", "image": "", "email": "", "date_created": "2011-05-03 12:27:36", "type": 1, "display": false, "name": "American Red Cross Team & Network of MIT"}}, {"pk": 20, "model": "core.campusorg", "fields": {"website": "", "last_updated": "2011-05-03 12:27:36", "description": "", "image": "", "email": "", "date_created": "2011-05-03 12:27:36", "type": 1, "display": false, "name": "Amnesty International"}}, {"pk": 21, "model": "core.campusorg", "fields": {"website": "", "last_updated": "2011-05-03 12:27:36", "description": "", "image": "", "email": "", "date_created": "2011-05-03 12:27:36", "type": 1, "display": false, "name": "Anime Club"}}, {"pk": 22, "model": "core.campusorg", "fields": {"website": "", "last_updated": "2011-05-03 12:27:36", "description": "", "image": "", "email": "", "date_created": "2011-05-03 12:27:36", "type": 1, "display": false, "name": "Applied Nichiren Buddhism @ MIT"}}, {"pk": 23, "model": "core.campusorg", "fields": {"website": "", "last_updated": "2011-05-03 12:27:36", "description": "", "image": "", "email": "", "date_created": "2011-05-03 12:27:36", "type": 1, "display": false, "name": "Arab Student Organization"}}, {"pk": 24, "model": "core.campusorg", "fields": {"website": "", "last_updated": "2011-05-03 12:27:36", "description": "", "image": "", "email": "", "date_created": "2011-05-03 12:27:36", "type": 1, "display": false, "name": "Archery Club"}}, {"pk": 25, "model": "core.campusorg", "fields": {"website": "", "last_updated": "2011-05-03 12:27:36", "description": "", "image": "", "email": "", "date_created": "2011-05-03 12:27:36", "type": 1, "display": false, "name": "Armenian Society"}}, {"pk": 26, "model": "core.campusorg", "fields": {"website": "", "last_updated": "2011-05-03 12:27:36", "description": "", "image": "", "email": "", "date_created": "2011-05-03 12:27:36", "type": 1, "display": false, "name": "Arnold Air Society"}}, {"pk": 27, "model": "core.campusorg", "fields": {"website": "", "last_updated": "2011-05-03 12:27:36", "description": "", "image": "", "email": "", "date_created": "2011-05-03 12:27:36", "type": 1, "display": false, "name": "Art of Living at MIT"}}, {"pk": 28, "model": "core.campusorg", "fields": {"website": "", "last_updated": "2011-05-03 12:27:36", "description": "", "image": "", "email": "", "date_created": "2011-05-03 12:27:36", "type": 1, "display": false, "name": "Ascent Magazine"}}, {"pk": 29, "model": "core.campusorg", "fields": {"website": "", "last_updated": "2011-05-03 12:27:36", "description": "", "image": "", "email": "", "date_created": "2011-05-03 12:27:36", "type": 1, "display": false, "name": "Asha-MIT"}}, {"pk": 30, "model": "core.campusorg", "fields": {"website": "", "last_updated": "2011-05-03 12:27:36", "description": "", "image": "", "email": "", "date_created": "2011-05-03 12:27:36", "type": 1, "display": false, "name": "Ashdown House"}}, {"pk": 31, "model": "core.campusorg", "fields": {"website": "", "last_updated": "2011-05-03 12:27:36", "description": "", "image": "", "email": "", "date_created": "2011-05-03 12:27:36", "type": 1, "display": false, "name": "ASHRAE MIT Student Chapter"}}, {"pk": 32, "model": "core.campusorg", "fields": {"website": "", "last_updated": "2011-05-03 12:27:36", "description": "", "image": "", "email": "", "date_created": "2011-05-03 12:27:36", "type": 1, "display": false, "name": "Asian American Association"}}, {"pk": 33, "model": "core.campusorg", "fields": {"website": "", "last_updated": "2011-05-03 12:27:36", "description": "", "image": "", "email": "", "date_created": "2011-05-03 12:27:36", "type": 1, "display": false, "name": "Asian Baptist Student Koinonia"}}, {"pk": 34, "model": "core.campusorg", "fields": {"website": "", "last_updated": "2011-05-03 12:27:36", "description": "", "image": "", "email": "", "date_created": "2011-05-03 12:27:36", "type": 1, "display": false, "name": "Asian Christian Fellowship"}}, {"pk": 35, "model": "core.campusorg", "fields": {"website": "", "last_updated": "2011-05-03 12:27:36", "description": "", "image": "", "email": "", "date_created": "2011-05-03 12:27:36", "type": 1, "display": false, "name": "Asian Dance Team"}}, {"pk": 36, "model": "core.campusorg", "fields": {"website": "", "last_updated": "2011-05-03 12:27:36", "description": "", "image": "", "email": "", "date_created": "2011-05-03 12:27:36", "type": 1, "display": false, "name": "Assassins' Guild"}}, {"pk": 37, "model": "core.campusorg", "fields": {"website": "", "last_updated": "2011-05-03 12:27:36", "description": "", "image": "", "email": "", "date_created": "2011-05-03 12:27:36", "type": 1, "display": false, "name": "Assistive Technology Club"}}, {"pk": 38, "model": "core.campusorg", "fields": {"website": "", "last_updated": "2011-05-03 12:27:36", "description": "", "image": "", "email": "", "date_created": "2011-05-03 12:27:36", "type": 1, "display": false, "name": "Association of Indonesian Students"}}, {"pk": 39, "model": "core.campusorg", "fields": {"website": "", "last_updated": "2011-05-03 12:27:36", "description": "", "image": "", "email": "", "date_created": "2011-05-03 12:27:36", "type": 1, "display": false, "name": "Association of Puerto Rican Students"}}, {"pk": 40, "model": "core.campusorg", "fields": {"website": "", "last_updated": "2011-05-03 12:27:36", "description": "", "image": "", "email": "", "date_created": "2011-05-03 12:27:36", "type": 1, "display": false, "name": "Association of Student Activities"}}, {"pk": 41, "model": "core.campusorg", "fields": {"website": "", "last_updated": "2011-05-03 12:27:36", "description": "", "image": "", "email": "", "date_created": "2011-05-03 12:27:36", "type": 1, "display": false, "name": "Association of Taiwanese Students"}}, {"pk": 42, "model": "core.campusorg", "fields": {"website": "", "last_updated": "2011-05-03 12:27:37", "description": "", "image": "", "email": "", "date_created": "2011-05-03 12:27:37", "type": 1, "display": false, "name": "Asymptones"}}, {"pk": 43, "model": "core.campusorg", "fields": {"website": "", "last_updated": "2011-05-03 12:27:37", "description": "", "image": "", "email": "", "date_created": "2011-05-03 12:27:37", "type": 1, "display": false, "name": "Atheists, Agnostics, and Humanists"}}, {"pk": 44, "model": "core.campusorg", "fields": {"website": "", "last_updated": "2011-05-03 12:27:37", "description": "", "image": "", "email": "", "date_created": "2011-05-03 12:27:37", "type": 1, "display": false, "name": "Badminton Club"}}, {"pk": 45, "model": "core.campusorg", "fields": {"website": "", "last_updated": "2011-05-03 12:27:37", "description": "", "image": "", "email": "", "date_created": "2011-05-03 12:27:37", "type": 1, "display": false, "name": "Baha'i Association"}}, {"pk": 46, "model": "core.campusorg", "fields": {"website": "http://web.mit.edu/bdclub/", "last_updated": "2011-05-03 12:27:37", "description": "The MIT Ballroom Dance Club is a recognized MIT student group focused on social dancing. In regular Fall and Spring workshops each year, we teach several types of dances, including those typically seen in competition and other fun dances, such as Salsa and Hustle. Our goal is for our members to feel confident and to enjoy themselves in a social dance setting.", "image": "", "email": "bdc-info@mit.edu", "date_created": "2011-05-03 12:27:37", "type": 2, "display": false, "name": "Ballroom Dance Club"}}, {"pk": 47, "model": "core.campusorg", "fields": {"website": "", "last_updated": "2011-05-03 12:27:37", "description": "", "image": "", "email": "", "date_created": "2011-05-03 12:27:37", "type": 1, "display": false, "name": "Ballroom Dance Team"}}, {"pk": 48, "model": "core.campusorg", "fields": {"website": "", "last_updated": "2011-05-03 12:27:37", "description": "", "image": "", "email": "", "date_created": "2011-05-03 12:27:37", "type": 1, "display": false, "name": "Bangladeshi Students"}}, {"pk": 49, "model": "core.campusorg", "fields": {"website": "", "last_updated": "2011-05-03 12:27:37", "description": "", "image": "", "email": "", "date_created": "2011-05-03 12:27:37", "type": 1, "display": false, "name": "Baptist Student Fellowship"}}, {"pk": 50, "model": "core.campusorg", "fields": {"website": "", "last_updated": "2011-05-03 12:27:37", "description": "", "image": "", "email": "", "date_created": "2011-05-03 12:27:37", "type": 1, "display": false, "name": "Battlecode 6.370"}}, {"pk": 51, "model": "core.campusorg", "fields": {"website": "", "last_updated": "2011-05-03 12:27:37", "description": "", "image": "", "email": "", "date_created": "2011-05-03 12:27:37", "type": 1, "display": false, "name": "Belly Dance Club"}}, {"pk": 52, "model": "core.campusorg", "fields": {"website": "", "last_updated": "2011-05-03 12:27:37", "description": "", "image": "", "email": "", "date_created": "2011-05-03 12:27:37", "type": 1, "display": false, "name": "Best Buddies"}}, {"pk": 53, "model": "core.campusorg", "fields": {"website": "", "last_updated": "2011-05-03 12:27:37", "description": "", "image": "", "email": "", "date_created": "2011-05-03 12:27:37", "type": 1, "display": false, "name": "Bhakti-Yoga"}}, {"pk": 54, "model": "core.campusorg", "fields": {"website": "", "last_updated": "2011-05-03 12:27:37", "description": "", "image": "", "email": "", "date_created": "2011-05-03 12:27:37", "type": 1, "display": false, "name": "Bhangra Club"}}, {"pk": 55, "model": "core.campusorg", "fields": {"website": "", "last_updated": "2011-05-03 12:27:37", "description": "", "image": "", "email": "", "date_created": "2011-05-03 12:27:37", "type": 1, "display": false, "name": "Biodiesel@MIT"}}, {"pk": 56, "model": "core.campusorg", "fields": {"website": "", "last_updated": "2011-05-03 12:27:37", "description": "", "image": "", "email": "", "date_created": "2011-05-03 12:27:37", "type": 1, "display": false, "name": "Biological Engineering Student Board"}}, {"pk": 57, "model": "core.campusorg", "fields": {"website": "", "last_updated": "2011-05-03 12:27:37", "description": "", "image": "", "email": "", "date_created": "2011-05-03 12:27:37", "type": 1, "display": false, "name": "Biological Engineering Undergrad Board"}}, {"pk": 58, "model": "core.campusorg", "fields": {"website": "", "last_updated": "2011-05-03 12:27:37", "description": "", "image": "", "email": "", "date_created": "2011-05-03 12:27:37", "type": 1, "display": false, "name": "Biology Undergraduate Student Association"}}, {"pk": 59, "model": "core.campusorg", "fields": {"website": "", "last_updated": "2011-05-03 12:27:37", "description": "", "image": "", "email": "", "date_created": "2011-05-03 12:27:37", "type": 1, "display": false, "name": "BioMatrix"}}, {"pk": 60, "model": "core.campusorg", "fields": {"website": "", "last_updated": "2011-05-03 12:27:37", "description": "", "image": "", "email": "", "date_created": "2011-05-03 12:27:37", "type": 1, "display": false, "name": "Biomedical Engineering Society"}}, {"pk": 61, "model": "core.campusorg", "fields": {"website": "", "last_updated": "2011-05-03 12:27:37", "description": "", "image": "", "email": "", "date_created": "2011-05-03 12:27:37", "type": 1, "display": false, "name": "Black Graduate Student Association"}}, {"pk": 62, "model": "core.campusorg", "fields": {"website": "", "last_updated": "2011-05-03 12:27:37", "description": "", "image": "", "email": "", "date_created": "2011-05-03 12:27:37", "type": 1, "display": false, "name": "Black Students' Union"}}, {"pk": 63, "model": "core.campusorg", "fields": {"website": "", "last_updated": "2011-05-03 12:27:37", "description": "", "image": "", "email": "", "date_created": "2011-05-03 12:27:37", "type": 1, "display": false, "name": "Black Women's Alliance"}}, {"pk": 64, "model": "core.campusorg", "fields": {"website": "", "last_updated": "2011-05-03 12:27:37", "description": "", "image": "", "email": "", "date_created": "2011-05-03 12:27:37", "type": 1, "display": false, "name": "Brain and Cognitive Sciences Society"}}, {"pk": 65, "model": "core.campusorg", "fields": {"website": "", "last_updated": "2011-05-03 12:27:37", "description": "", "image": "", "email": "", "date_created": "2011-05-03 12:27:37", "type": 1, "display": false, "name": "Brain Trust"}}, {"pk": 66, "model": "core.campusorg", "fields": {"website": "", "last_updated": "2011-05-03 12:27:37", "description": "", "image": "", "email": "", "date_created": "2011-05-03 12:27:37", "type": 1, "display": false, "name": "Brazilian Student Association"}}, {"pk": 67, "model": "core.campusorg", "fields": {"website": "", "last_updated": "2011-05-03 12:27:37", "description": "", "image": "", "email": "", "date_created": "2011-05-03 12:27:37", "type": 1, "display": false, "name": "Buddhist Community"}}, {"pk": 68, "model": "core.campusorg", "fields": {"website": "", "last_updated": "2011-05-03 12:27:37", "description": "", "image": "", "email": "", "date_created": "2011-05-03 12:27:37", "type": 1, "display": false, "name": "Cambridge Crazies, The"}}, {"pk": 69, "model": "core.campusorg", "fields": {"website": "", "last_updated": "2011-05-03 12:27:37", "description": "", "image": "", "email": "", "date_created": "2011-05-03 12:27:37", "type": 1, "display": false, "name": "Camp Kesem MIT"}}, {"pk": 70, "model": "core.campusorg", "fields": {"website": "", "last_updated": "2011-05-03 12:27:37", "description": "", "image": "", "email": "", "date_created": "2011-05-03 12:27:37", "type": 13, "display": false, "name": "Campus Crusade for Christ"}}, {"pk": 71, "model": "core.campusorg", "fields": {"website": "", "last_updated": "2011-05-03 12:27:37", "description": "", "image": "", "email": "", "date_created": "2011-05-03 12:27:37", "type": 1, "display": false, "name": "Campus Crusade for Cthulhu"}}, {"pk": 72, "model": "core.campusorg", "fields": {"website": "", "last_updated": "2011-05-03 12:27:37", "description": "", "image": "", "email": "", "date_created": "2011-05-03 12:27:37", "type": 1, "display": false, "name": "Canadians Club"}}, {"pk": 73, "model": "core.campusorg", "fields": {"website": "", "last_updated": "2011-05-03 12:27:37", "description": "", "image": "", "email": "", "date_created": "2011-05-03 12:27:37", "type": 1, "display": false, "name": "Career Fair Committee"}}, {"pk": 74, "model": "core.campusorg", "fields": {"website": "", "last_updated": "2011-05-03 12:27:37", "description": "", "image": "", "email": "", "date_created": "2011-05-03 12:27:37", "type": 1, "display": false, "name": "Caribbean-Club"}}, {"pk": 75, "model": "core.campusorg", "fields": {"website": "", "last_updated": "2011-05-03 12:27:37", "description": "", "image": "", "email": "", "date_created": "2011-05-03 12:27:37", "type": 1, "display": false, "name": "Casino Rueda Group"}}, {"pk": 76, "model": "core.campusorg", "fields": {"website": "", "last_updated": "2011-05-03 12:27:37", "description": "", "image": "", "email": "", "date_created": "2011-05-03 12:27:37", "type": 1, "display": false, "name": "Caving Club"}}, {"pk": 77, "model": "core.campusorg", "fields": {"website": "", "last_updated": "2011-05-03 12:27:37", "description": "", "image": "", "email": "", "date_created": "2011-05-03 12:27:37", "type": 1, "display": false, "name": "Chamak"}}, {"pk": 78, "model": "core.campusorg", "fields": {"website": "", "last_updated": "2011-05-03 12:27:37", "description": "", "image": "", "email": "", "date_created": "2011-05-03 12:27:37", "type": 1, "display": false, "name": "Cheerleading"}}, {"pk": 79, "model": "core.campusorg", "fields": {"website": "", "last_updated": "2011-05-03 12:27:37", "description": "", "image": "", "email": "", "date_created": "2011-05-03 12:27:37", "type": 1, "display": false, "name": "Chemistry Graduate Student Committee"}}, {"pk": 80, "model": "core.campusorg", "fields": {"website": "", "last_updated": "2011-05-03 12:27:37", "description": "", "image": "", "email": "", "date_created": "2011-05-03 12:27:37", "type": 1, "display": false, "name": "Chess Club"}}, {"pk": 81, "model": "core.campusorg", "fields": {"website": "", "last_updated": "2011-05-03 12:27:37", "description": "", "image": "", "email": "", "date_created": "2011-05-03 12:27:37", "type": 1, "display": false, "name": "Chic!"}}, {"pk": 82, "model": "core.campusorg", "fields": {"website": "", "last_updated": "2011-05-03 12:27:37", "description": "", "image": "", "email": "", "date_created": "2011-05-03 12:27:37", "type": 1, "display": false, "name": "CHILE Design & Technology"}}, {"pk": 83, "model": "core.campusorg", "fields": {"website": "", "last_updated": "2011-05-03 12:27:37", "description": "", "image": "", "email": "", "date_created": "2011-05-03 12:27:37", "type": 1, "display": false, "name": "China Care at MIT"}}, {"pk": 84, "model": "core.campusorg", "fields": {"website": "", "last_updated": "2011-05-03 12:27:37", "description": "", "image": "", "email": "", "date_created": "2011-05-03 12:27:37", "type": 1, "display": false, "name": "China Development Initiative"}}, {"pk": 85, "model": "core.campusorg", "fields": {"website": "", "last_updated": "2011-05-03 12:27:37", "description": "", "image": "", "email": "", "date_created": "2011-05-03 12:27:37", "type": 1, "display": false, "name": "Chinese Choral Society"}}, {"pk": 86, "model": "core.campusorg", "fields": {"website": "", "last_updated": "2011-05-03 12:27:37", "description": "", "image": "", "email": "", "date_created": "2011-05-03 12:27:37", "type": 1, "display": false, "name": "Chinese Ensemble"}}, {"pk": 87, "model": "core.campusorg", "fields": {"website": "", "last_updated": "2011-05-03 12:27:37", "description": "", "image": "", "email": "", "date_created": "2011-05-03 12:27:37", "type": 1, "display": false, "name": "Chinese Student and Scholar Association"}}, {"pk": 88, "model": "core.campusorg", "fields": {"website": "", "last_updated": "2011-05-03 12:27:37", "description": "", "image": "", "email": "", "date_created": "2011-05-03 12:27:37", "type": 1, "display": false, "name": "Chinese Students Club"}}, {"pk": 89, "model": "core.campusorg", "fields": {"website": "", "last_updated": "2011-05-03 12:27:37", "description": "", "image": "", "email": "", "date_created": "2011-05-03 12:27:37", "type": 1, "display": false, "name": "Chinese Yo-Yo Club"}}, {"pk": 90, "model": "core.campusorg", "fields": {"website": "", "last_updated": "2011-05-03 12:27:37", "description": "", "image": "", "email": "", "date_created": "2011-05-03 12:27:37", "type": 1, "display": false, "name": "Chombo"}}, {"pk": 91, "model": "core.campusorg", "fields": {"website": "", "last_updated": "2011-05-03 12:27:37", "description": "", "image": "", "email": "", "date_created": "2011-05-03 12:27:37", "type": 1, "display": false, "name": "Chorallaries of MIT, The"}}, {"pk": 92, "model": "core.campusorg", "fields": {"website": "", "last_updated": "2011-05-03 12:27:37", "description": "", "image": "", "email": "", "date_created": "2011-05-03 12:27:37", "type": 1, "display": false, "name": "Christian Music Fellowship Ensemble"}}, {"pk": 93, "model": "core.campusorg", "fields": {"website": "", "last_updated": "2011-05-03 12:27:37", "description": "", "image": "", "email": "", "date_created": "2011-05-03 12:27:37", "type": 1, "display": false, "name": "Christians on Campus"}}, {"pk": 94, "model": "core.campusorg", "fields": {"website": "", "last_updated": "2011-05-03 12:27:37", "description": "", "image": "", "email": "", "date_created": "2011-05-03 12:27:37", "type": 1, "display": false, "name": "Clean Energy Prize"}}, {"pk": 95, "model": "core.campusorg", "fields": {"website": "", "last_updated": "2011-05-03 12:27:37", "description": "", "image": "", "email": "", "date_created": "2011-05-03 12:27:37", "type": 1, "display": false, "name": "Club Argentino"}}, {"pk": 96, "model": "core.campusorg", "fields": {"website": "", "last_updated": "2011-05-03 12:27:37", "description": "", "image": "", "email": "", "date_created": "2011-05-03 12:27:37", "type": 1, "display": false, "name": "Club Francophone"}}, {"pk": 97, "model": "core.campusorg", "fields": {"website": "", "last_updated": "2011-05-03 12:27:37", "description": "", "image": "", "email": "", "date_created": "2011-05-03 12:27:37", "type": 1, "display": false, "name": "Club Sports Council"}}, {"pk": 98, "model": "core.campusorg", "fields": {"website": "", "last_updated": "2011-05-03 12:27:38", "description": "", "image": "", "email": "", "date_created": "2011-05-03 12:27:38", "type": 1, "display": false, "name": "Clubchem"}}, {"pk": 99, "model": "core.campusorg", "fields": {"website": "", "last_updated": "2011-05-03 12:27:38", "description": "", "image": "", "email": "", "date_created": "2011-05-03 12:27:38", "type": 1, "display": false, "name": "Colleges Against Cancer"}}, {"pk": 100, "model": "core.campusorg", "fields": {"website": "", "last_updated": "2011-05-03 12:27:38", "description": "", "image": "", "email": "", "date_created": "2011-05-03 12:27:38", "type": 1, "display": false, "name": "Colombian Association of MIT"}}, {"pk": 101, "model": "core.campusorg", "fields": {"website": "", "last_updated": "2011-05-03 12:27:38", "description": "", "image": "", "email": "", "date_created": "2011-05-03 12:27:38", "type": 1, "display": false, "name": "Community Badminton"}}, {"pk": 102, "model": "core.campusorg", "fields": {"website": "", "last_updated": "2011-05-03 12:27:38", "description": "", "image": "", "email": "", "date_created": "2011-05-03 12:27:38", "type": 1, "display": false, "name": "Competitive Robotics Club"}}, {"pk": 103, "model": "core.campusorg", "fields": {"website": "", "last_updated": "2011-05-03 12:27:38", "description": "", "image": "", "email": "", "date_created": "2011-05-03 12:27:38", "type": 1, "display": false, "name": "Concert Band"}}, {"pk": 104, "model": "core.campusorg", "fields": {"website": "", "last_updated": "2011-05-03 12:27:38", "description": "", "image": "", "email": "", "date_created": "2011-05-03 12:27:38", "type": 1, "display": false, "name": "Concert Choir Students"}}, {"pk": 105, "model": "core.campusorg", "fields": {"website": "", "last_updated": "2011-05-03 12:27:38", "description": "", "image": "", "email": "", "date_created": "2011-05-03 12:27:38", "type": 1, "display": false, "name": "Consulting Group"}}, {"pk": 106, "model": "core.campusorg", "fields": {"website": "", "last_updated": "2011-05-03 12:27:38", "description": "", "image": "", "email": "", "date_created": "2011-05-03 12:27:38", "type": 1, "display": false, "name": "Cricket Club"}}, {"pk": 107, "model": "core.campusorg", "fields": {"website": "", "last_updated": "2011-05-03 12:27:38", "description": "", "image": "", "email": "", "date_created": "2011-05-03 12:27:38", "type": 1, "display": false, "name": "Cross Products"}}, {"pk": 108, "model": "core.campusorg", "fields": {"website": "", "last_updated": "2011-05-03 12:27:38", "description": "", "image": "", "email": "", "date_created": "2011-05-03 12:27:38", "type": 1, "display": false, "name": "CSAIL Student Social Committee"}}, {"pk": 109, "model": "core.campusorg", "fields": {"website": "", "last_updated": "2011-05-03 12:27:38", "description": "", "image": "", "email": "", "date_created": "2011-05-03 12:27:38", "type": 1, "display": false, "name": "Curling Club"}}, {"pk": 110, "model": "core.campusorg", "fields": {"website": "", "last_updated": "2011-05-03 12:27:38", "description": "", "image": "", "email": "", "date_created": "2011-05-03 12:27:38", "type": 1, "display": false, "name": "Cycling Club"}}, {"pk": 111, "model": "core.campusorg", "fields": {"website": "", "last_updated": "2011-05-03 12:27:38", "description": "", "image": "", "email": "", "date_created": "2011-05-03 12:27:38", "type": 1, "display": false, "name": "Dance Mix Coalition"}}, {"pk": 112, "model": "core.campusorg", "fields": {"website": "", "last_updated": "2011-05-03 12:27:38", "description": "", "image": "", "email": "", "date_created": "2011-05-03 12:27:38", "type": 1, "display": false, "name": "DanceTroupe"}}, {"pk": 113, "model": "core.campusorg", "fields": {"website": "", "last_updated": "2011-05-03 12:27:38", "description": "", "image": "", "email": "", "date_created": "2011-05-03 12:27:38", "type": 1, "display": false, "name": "Debate Team"}}, {"pk": 114, "model": "core.campusorg", "fields": {"website": "", "last_updated": "2011-05-03 12:27:38", "description": "", "image": "", "email": "", "date_created": "2011-05-03 12:27:38", "type": 1, "display": false, "name": "DomeView"}}, {"pk": 115, "model": "core.campusorg", "fields": {"website": "", "last_updated": "2011-05-03 12:27:38", "description": "", "image": "", "email": "", "date_created": "2011-05-03 12:27:38", "type": 1, "display": false, "name": "Dorm Electricity Competition"}}, {"pk": 116, "model": "core.campusorg", "fields": {"website": "", "last_updated": "2011-05-03 12:27:38", "description": "", "image": "", "email": "", "date_created": "2011-05-03 12:27:38", "type": 1, "display": false, "name": "Dormitory Council"}}, {"pk": 117, "model": "core.campusorg", "fields": {"website": "", "last_updated": "2011-05-03 12:27:38", "description": "", "image": "", "email": "", "date_created": "2011-05-03 12:27:38", "type": 1, "display": false, "name": "Dramashop"}}, {"pk": 118, "model": "core.campusorg", "fields": {"website": "", "last_updated": "2011-05-03 12:27:38", "description": "", "image": "", "email": "", "date_created": "2011-05-03 12:27:38", "type": 1, "display": false, "name": "Dream Team"}}, {"pk": 119, "model": "core.campusorg", "fields": {"website": "", "last_updated": "2011-05-03 12:27:38", "description": "", "image": "", "email": "", "date_created": "2011-05-03 12:27:38", "type": 1, "display": false, "name": "DUSP Student Council"}}, {"pk": 120, "model": "core.campusorg", "fields": {"website": "", "last_updated": "2011-05-03 12:27:38", "description": "", "image": "", "email": "", "date_created": "2011-05-03 12:27:38", "type": 1, "display": false, "name": "E33 Productions"}}, {"pk": 121, "model": "core.campusorg", "fields": {"website": "", "last_updated": "2011-05-03 12:27:38", "description": "", "image": "", "email": "", "date_created": "2011-05-03 12:27:38", "type": 1, "display": false, "name": "Eastgate Community Association"}}, {"pk": 122, "model": "core.campusorg", "fields": {"website": "", "last_updated": "2011-05-03 12:27:38", "description": "", "image": "", "email": "", "date_created": "2011-05-03 12:27:38", "type": 1, "display": false, "name": "Easy Rider-The MIT Motorcycle Club"}}, {"pk": 123, "model": "core.campusorg", "fields": {"website": "", "last_updated": "2011-05-03 12:27:38", "description": "", "image": "", "email": "", "date_created": "2011-05-03 12:27:38", "type": 1, "display": false, "name": "Economics and Talent Forum"}}, {"pk": 124, "model": "core.campusorg", "fields": {"website": "", "last_updated": "2011-05-03 12:27:38", "description": "", "image": "", "email": "", "date_created": "2011-05-03 12:27:38", "type": 1, "display": false, "name": "Ecuadorian Student Association"}}, {"pk": 125, "model": "core.campusorg", "fields": {"website": "", "last_updated": "2011-05-03 12:27:38", "description": "", "image": "", "email": "", "date_created": "2011-05-03 12:27:38", "type": 1, "display": false, "name": "Edgerton House Association"}}, {"pk": 126, "model": "core.campusorg", "fields": {"website": "", "last_updated": "2011-05-03 12:27:38", "description": "", "image": "", "email": "", "date_created": "2011-05-03 12:27:38", "type": 1, "display": false, "name": "Educational Studies Program"}}, {"pk": 127, "model": "core.campusorg", "fields": {"website": "", "last_updated": "2011-05-03 12:27:38", "description": "", "image": "", "email": "", "date_created": "2011-05-03 12:27:38", "type": 1, "display": false, "name": "Educational Technologies Group"}}, {"pk": 128, "model": "core.campusorg", "fields": {"website": "", "last_updated": "2011-05-03 12:27:38", "description": "", "image": "", "email": "", "date_created": "2011-05-03 12:27:38", "type": 1, "display": false, "name": "EE-CS Graduate Students Association"}}, {"pk": 129, "model": "core.campusorg", "fields": {"website": "", "last_updated": "2011-05-03 12:27:38", "description": "", "image": "", "email": "", "date_created": "2011-05-03 12:27:38", "type": 1, "display": false, "name": "Egyptian Association"}}, {"pk": 130, "model": "core.campusorg", "fields": {"website": "", "last_updated": "2011-05-03 12:27:38", "description": "", "image": "", "email": "", "date_created": "2011-05-03 12:27:38", "type": 1, "display": false, "name": "Electric Vehicle Team"}}, {"pk": 131, "model": "core.campusorg", "fields": {"website": "", "last_updated": "2011-05-03 12:27:38", "description": "", "image": "", "email": "", "date_created": "2011-05-03 12:27:38", "type": 1, "display": false, "name": "Electricity Student Research Group"}}, {"pk": 132, "model": "core.campusorg", "fields": {"website": "", "last_updated": "2011-05-03 12:27:38", "description": "", "image": "", "email": "", "date_created": "2011-05-03 12:27:38", "type": 1, "display": false, "name": "Electronic Research Society"}}, {"pk": 133, "model": "core.campusorg", "fields": {"website": "", "last_updated": "2011-05-03 12:27:38", "description": "", "image": "", "email": "", "date_created": "2011-05-03 12:27:38", "type": 14, "display": false, "name": "Emerge Global"}}, {"pk": 134, "model": "core.campusorg", "fields": {"website": "", "last_updated": "2011-05-03 12:27:38", "description": "", "image": "", "email": "", "date_created": "2011-05-03 12:27:38", "type": 1, "display": false, "name": "EMS"}}, {"pk": 135, "model": "core.campusorg", "fields": {"website": "", "last_updated": "2011-05-03 12:27:38", "description": "", "image": "", "email": "", "date_created": "2011-05-03 12:27:38", "type": 1, "display": false, "name": "Energy Club"}}, {"pk": 136, "model": "core.campusorg", "fields": {"website": "", "last_updated": "2011-05-03 12:27:38", "description": "", "image": "", "email": "", "date_created": "2011-05-03 12:27:38", "type": 1, "display": false, "name": "Engineers Without Borders"}}, {"pk": 137, "model": "core.campusorg", "fields": {"website": "", "last_updated": "2011-05-03 12:27:38", "description": "", "image": "", "email": "", "date_created": "2011-05-03 12:27:38", "type": 1, "display": false, "name": "Entrepreneurs Club"}}, {"pk": 138, "model": "core.campusorg", "fields": {"website": "http://web.mit.edu/thetans/www/", "last_updated": "2011-05-03 12:27:38", "description": "Epsilon Theta is a co-ed MIT fraternity made up of about twenty men and women. Living together as a family of brothers and sisters, we consider ourselves a \"fraternity\" in the true sense of the word. Our big yellow house in Brookline is surrounded by tree-filled parks and a quiet residential community. Here we come home to unwind after a day of attending classes and working on campus. Epsilon Theta is a great place to study, play games, and build friendships.", "image": "", "email": "et-www@mit.edu", "date_created": "2011-05-03 12:27:38", "type": 7, "display": false, "name": "Epsilon Theta"}}, {"pk": 139, "model": "core.campusorg", "fields": {"website": "", "last_updated": "2011-05-03 12:27:38", "description": "", "image": "", "email": "", "date_created": "2011-05-03 12:27:38", "type": 1, "display": false, "name": "Equestrian Club"}}, {"pk": 140, "model": "core.campusorg", "fields": {"website": "", "last_updated": "2011-05-03 12:27:38", "description": "", "image": "", "email": "", "date_created": "2011-05-03 12:27:38", "type": 1, "display": false, "name": "ESD Student Society"}}, {"pk": 141, "model": "core.campusorg", "fields": {"website": "", "last_updated": "2011-05-03 12:27:38", "description": "", "image": "", "email": "", "date_created": "2011-05-03 12:27:38", "type": 1, "display": false, "name": "Eta Kappa Nu"}}, {"pk": 142, "model": "core.campusorg", "fields": {"website": "", "last_updated": "2011-05-03 12:27:38", "description": "", "image": "", "email": "", "date_created": "2011-05-03 12:27:38", "type": 1, "display": false, "name": "European Club"}}, {"pk": 143, "model": "core.campusorg", "fields": {"website": "", "last_updated": "2011-05-03 12:27:38", "description": "", "image": "", "email": "", "date_created": "2011-05-03 12:27:38", "type": 1, "display": false, "name": "Falun Dafa Club"}}, {"pk": 144, "model": "core.campusorg", "fields": {"website": "", "last_updated": "2011-05-03 12:27:38", "description": "", "image": "", "email": "", "date_created": "2011-05-03 12:27:38", "type": 1, "display": false, "name": "Figure Skating Club"}}, {"pk": 145, "model": "core.campusorg", "fields": {"website": "", "last_updated": "2011-05-03 12:27:38", "description": "", "image": "", "email": "", "date_created": "2011-05-03 12:27:38", "type": 1, "display": false, "name": "Filipino Students Association"}}, {"pk": 146, "model": "core.campusorg", "fields": {"website": "", "last_updated": "2011-05-03 12:27:38", "description": "", "image": "", "email": "", "date_created": "2011-05-03 12:27:38", "type": 1, "display": false, "name": "Film Cooperative"}}, {"pk": 147, "model": "core.campusorg", "fields": {"website": "", "last_updated": "2011-05-03 12:27:38", "description": "", "image": "", "email": "", "date_created": "2011-05-03 12:27:38", "type": 1, "display": false, "name": "Flamenco @ MIT"}}, {"pk": 148, "model": "core.campusorg", "fields": {"website": "", "last_updated": "2011-05-03 12:27:38", "description": "", "image": "", "email": "", "date_created": "2011-05-03 12:27:38", "type": 1, "display": false, "name": "Floorball"}}, {"pk": 149, "model": "core.campusorg", "fields": {"website": "", "last_updated": "2011-05-03 12:27:38", "description": "", "image": "", "email": "", "date_created": "2011-05-03 12:27:38", "type": 1, "display": false, "name": "Flying Club"}}, {"pk": 150, "model": "core.campusorg", "fields": {"website": "", "last_updated": "2011-05-03 12:27:38", "description": "", "image": "", "email": "", "date_created": "2011-05-03 12:27:38", "type": 1, "display": false, "name": "Folk Dance Club"}}, {"pk": 151, "model": "core.campusorg", "fields": {"website": "", "last_updated": "2011-05-03 12:27:38", "description": "", "image": "", "email": "", "date_created": "2011-05-03 12:27:38", "type": 1, "display": false, "name": "Food and Agriculture Collaborative"}}, {"pk": 152, "model": "core.campusorg", "fields": {"website": "", "last_updated": "2011-05-03 12:27:38", "description": "", "image": "", "email": "", "date_created": "2011-05-03 12:27:38", "type": 1, "display": false, "name": "Footnotes"}}, {"pk": 153, "model": "core.campusorg", "fields": {"website": "", "last_updated": "2011-05-03 12:27:38", "description": "", "image": "", "email": "", "date_created": "2011-05-03 12:27:38", "type": 1, "display": false, "name": "Four Consulting"}}, {"pk": 154, "model": "core.campusorg", "fields": {"website": "", "last_updated": "2011-05-03 12:27:39", "description": "", "image": "", "email": "", "date_created": "2011-05-03 12:27:39", "type": 1, "display": false, "name": "Free Culture"}}, {"pk": 155, "model": "core.campusorg", "fields": {"website": "", "last_updated": "2011-05-03 12:27:39", "description": "", "image": "", "email": "", "date_created": "2011-05-03 12:27:39", "type": 1, "display": false, "name": "Game Development Club"}}, {"pk": 156, "model": "core.campusorg", "fields": {"website": "", "last_updated": "2011-05-03 12:27:39", "description": "", "image": "", "email": "", "date_created": "2011-05-03 12:27:39", "type": 1, "display": false, "name": "GaMIT"}}, {"pk": 157, "model": "core.campusorg", "fields": {"website": "", "last_updated": "2011-05-03 12:27:39", "description": "", "image": "", "email": "", "date_created": "2011-05-03 12:27:39", "type": 1, "display": false, "name": "Geology Club"}}, {"pk": 158, "model": "core.campusorg", "fields": {"website": "", "last_updated": "2011-05-03 12:27:39", "description": "", "image": "", "email": "", "date_created": "2011-05-03 12:27:39", "type": 1, "display": false, "name": "Gilbert and Sullivan"}}, {"pk": 159, "model": "core.campusorg", "fields": {"website": "", "last_updated": "2011-05-03 12:27:39", "description": "", "image": "", "email": "", "date_created": "2011-05-03 12:27:39", "type": 1, "display": false, "name": "Global China Connection"}}, {"pk": 160, "model": "core.campusorg", "fields": {"website": "", "last_updated": "2011-05-03 12:27:39", "description": "", "image": "", "email": "", "date_created": "2011-05-03 12:27:39", "type": 1, "display": false, "name": "Global Poverty Initiative"}}, {"pk": 161, "model": "core.campusorg", "fields": {"website": "", "last_updated": "2011-05-03 12:27:39", "description": "", "image": "", "email": "", "date_created": "2011-05-03 12:27:39", "type": 1, "display": false, "name": "Global Startup Workshop"}}, {"pk": 162, "model": "core.campusorg", "fields": {"website": "", "last_updated": "2011-05-03 12:27:39", "description": "", "image": "", "email": "", "date_created": "2011-05-03 12:27:39", "type": 1, "display": false, "name": "Go Club"}}, {"pk": 163, "model": "core.campusorg", "fields": {"website": "", "last_updated": "2011-05-03 12:27:39", "description": "", "image": "", "email": "", "date_created": "2011-05-03 12:27:39", "type": 1, "display": false, "name": "Golf Club"}}, {"pk": 164, "model": "core.campusorg", "fields": {"website": "", "last_updated": "2011-05-03 12:27:39", "description": "", "image": "", "email": "", "date_created": "2011-05-03 12:27:39", "type": 1, "display": false, "name": "Gospel Choir"}}, {"pk": 165, "model": "core.campusorg", "fields": {"website": "", "last_updated": "2011-05-03 12:27:39", "description": "", "image": "", "email": "", "date_created": "2011-05-03 12:27:39", "type": 1, "display": false, "name": "Graduate Christian Fellowship"}}, {"pk": 166, "model": "core.campusorg", "fields": {"website": "", "last_updated": "2011-05-03 12:27:39", "description": "", "image": "", "email": "", "date_created": "2011-05-03 12:27:39", "type": 1, "display": false, "name": "Graduate Economics Association"}}, {"pk": 167, "model": "core.campusorg", "fields": {"website": "", "last_updated": "2011-05-03 12:27:39", "description": "", "image": "", "email": "", "date_created": "2011-05-03 12:27:39", "type": 1, "display": false, "name": "Graduate Hillel"}}, {"pk": 168, "model": "core.campusorg", "fields": {"website": "", "last_updated": "2011-05-03 12:27:39", "description": "", "image": "", "email": "", "date_created": "2011-05-03 12:27:39", "type": 1, "display": false, "name": "Graduate Soccer Club"}}, {"pk": 169, "model": "core.campusorg", "fields": {"website": "", "last_updated": "2011-05-03 12:27:39", "description": "", "image": "", "email": "", "date_created": "2011-05-03 12:27:39", "type": 1, "display": false, "name": "Graduate Student Council"}}, {"pk": 170, "model": "core.campusorg", "fields": {"website": "", "last_updated": "2011-05-03 12:27:39", "description": "", "image": "", "email": "", "date_created": "2011-05-03 12:27:39", "type": 1, "display": false, "name": "Graduate Women at MIT"}}, {"pk": 171, "model": "core.campusorg", "fields": {"website": "", "last_updated": "2011-05-03 12:27:39", "description": "", "image": "", "email": "", "date_created": "2011-05-03 12:27:39", "type": 1, "display": false, "name": "Graduate Women of Course 6"}}, {"pk": 172, "model": "core.campusorg", "fields": {"website": "", "last_updated": "2011-05-03 12:27:39", "description": "", "image": "", "email": "", "date_created": "2011-05-03 12:27:39", "type": 1, "display": false, "name": "Greek Intervarsity"}}, {"pk": 173, "model": "core.campusorg", "fields": {"website": "", "last_updated": "2011-05-03 12:27:39", "description": "", "image": "", "email": "", "date_created": "2011-05-03 12:27:39", "type": 9, "display": false, "name": "Habitat for Humanity"}}, {"pk": 174, "model": "core.campusorg", "fields": {"website": "", "last_updated": "2011-05-03 12:27:39", "description": "", "image": "", "email": "", "date_created": "2011-05-03 12:27:39", "type": 1, "display": false, "name": "Hapa"}}, {"pk": 175, "model": "core.campusorg", "fields": {"website": "", "last_updated": "2011-05-03 12:27:39", "description": "", "image": "", "email": "", "date_created": "2011-05-03 12:27:39", "type": 1, "display": false, "name": "Harvard-MIT Mathematics Tournament"}}, {"pk": 176, "model": "core.campusorg", "fields": {"website": "", "last_updated": "2011-05-03 12:27:39", "description": "", "image": "", "email": "", "date_created": "2011-05-03 12:27:39", "type": 1, "display": false, "name": "Hawaii Club"}}, {"pk": 177, "model": "core.campusorg", "fields": {"website": "", "last_updated": "2011-05-03 12:27:39", "description": "", "image": "", "email": "", "date_created": "2011-05-03 12:27:39", "type": 1, "display": false, "name": "Healthcare Group"}}, {"pk": 178, "model": "core.campusorg", "fields": {"website": "", "last_updated": "2011-05-03 12:27:39", "description": "", "image": "", "email": "", "date_created": "2011-05-03 12:27:39", "type": 1, "display": false, "name": "Hellenic Students' Association"}}, {"pk": 179, "model": "core.campusorg", "fields": {"website": "", "last_updated": "2011-05-03 12:27:39", "description": "", "image": "", "email": "", "date_created": "2011-05-03 12:27:39", "type": 1, "display": false, "name": "HFES Student Chapter"}}, {"pk": 180, "model": "core.campusorg", "fields": {"website": "", "last_updated": "2011-05-03 12:27:39", "description": "", "image": "", "email": "", "date_created": "2011-05-03 12:27:39", "type": 1, "display": false, "name": "Hillel"}}, {"pk": 181, "model": "core.campusorg", "fields": {"website": "", "last_updated": "2011-05-03 12:27:39", "description": "", "image": "", "email": "", "date_created": "2011-05-03 12:27:39", "type": 1, "display": false, "name": "Hindu Students Council"}}, {"pk": 182, "model": "core.campusorg", "fields": {"website": "", "last_updated": "2011-05-03 12:27:39", "description": "", "image": "", "email": "", "date_created": "2011-05-03 12:27:39", "type": 1, "display": false, "name": "Hippocratic Society"}}, {"pk": 183, "model": "core.campusorg", "fields": {"website": "", "last_updated": "2011-05-03 12:27:39", "description": "", "image": "", "email": "", "date_created": "2011-05-03 12:27:39", "type": 1, "display": false, "name": "Hong Kong Student Society"}}, {"pk": 184, "model": "core.campusorg", "fields": {"website": "", "last_updated": "2011-05-03 12:27:39", "description": "", "image": "", "email": "", "date_created": "2011-05-03 12:27:39", "type": 1, "display": false, "name": "Hong Kong Students Bible Study Group"}}, {"pk": 185, "model": "core.campusorg", "fields": {"website": "", "last_updated": "2011-05-03 12:27:39", "description": "", "image": "", "email": "", "date_created": "2011-05-03 12:27:39", "type": 1, "display": false, "name": "Horizon Music Club"}}, {"pk": 186, "model": "core.campusorg", "fields": {"website": "", "last_updated": "2011-05-03 12:27:39", "description": "", "image": "", "email": "", "date_created": "2011-05-03 12:27:39", "type": 1, "display": false, "name": "House of Volunteers"}}, {"pk": 187, "model": "core.campusorg", "fields": {"website": "", "last_updated": "2011-05-03 12:27:39", "description": "", "image": "", "email": "", "date_created": "2011-05-03 12:27:39", "type": 1, "display": false, "name": "How to Get Around MIT"}}, {"pk": 188, "model": "core.campusorg", "fields": {"website": "", "last_updated": "2011-05-03 12:27:39", "description": "", "image": "", "email": "", "date_created": "2011-05-03 12:27:39", "type": 1, "display": false, "name": "Hungarian Student Association"}}, {"pk": 189, "model": "core.campusorg", "fields": {"website": "", "last_updated": "2011-05-03 12:27:39", "description": "", "image": "", "email": "", "date_created": "2011-05-03 12:27:39", "type": 1, "display": false, "name": "IAP Web Programming Competition"}}, {"pk": 190, "model": "core.campusorg", "fields": {"website": "", "last_updated": "2011-05-03 12:27:39", "description": "", "image": "", "email": "", "date_created": "2011-05-03 12:27:39", "type": 1, "display": false, "name": "Imobilare"}}, {"pk": 191, "model": "core.campusorg", "fields": {"website": "", "last_updated": "2011-05-03 12:27:39", "description": "", "image": "", "email": "", "date_created": "2011-05-03 12:27:39", "type": 1, "display": false, "name": "India School Fund - MIT Chapter"}}, {"pk": 192, "model": "core.campusorg", "fields": {"website": "", "last_updated": "2011-05-03 12:27:39", "description": "", "image": "", "email": "", "date_created": "2011-05-03 12:27:39", "type": 1, "display": false, "name": "Informs"}}, {"pk": 193, "model": "core.campusorg", "fields": {"website": "", "last_updated": "2011-05-03 12:27:39", "description": "", "image": "", "email": "", "date_created": "2011-05-03 12:27:39", "type": 1, "display": false, "name": "InnoWorks"}}, {"pk": 194, "model": "core.campusorg", "fields": {"website": "", "last_updated": "2011-05-03 12:27:39", "description": "", "image": "", "email": "", "date_created": "2011-05-03 12:27:39", "type": 1, "display": false, "name": "Interfraternity Council"}}, {"pk": 195, "model": "core.campusorg", "fields": {"website": "", "last_updated": "2011-05-03 12:27:39", "description": "", "image": "", "email": "", "date_created": "2011-05-03 12:27:39", "type": 1, "display": false, "name": "International Development Consulting"}}, {"pk": 196, "model": "core.campusorg", "fields": {"website": "", "last_updated": "2011-05-03 12:27:39", "description": "", "image": "", "email": "", "date_created": "2011-05-03 12:27:39", "type": 1, "display": false, "name": "International Students Association"}}, {"pk": 197, "model": "core.campusorg", "fields": {"website": "", "last_updated": "2011-05-03 12:27:39", "description": "", "image": "", "email": "", "date_created": "2011-05-03 12:27:39", "type": 1, "display": false, "name": "Intervarsity"}}, {"pk": 198, "model": "core.campusorg", "fields": {"website": "", "last_updated": "2011-05-03 12:27:39", "description": "", "image": "", "email": "", "date_created": "2011-05-03 12:27:39", "type": 1, "display": false, "name": "Irish Association of MIT"}}, {"pk": 199, "model": "core.campusorg", "fields": {"website": "", "last_updated": "2011-05-03 12:27:39", "description": "", "image": "", "email": "", "date_created": "2011-05-03 12:27:39", "type": 1, "display": false, "name": "Israeli Association, The"}}, {"pk": 200, "model": "core.campusorg", "fields": {"website": "", "last_updated": "2011-05-03 12:27:39", "description": "", "image": "", "email": "", "date_created": "2011-05-03 12:27:39", "type": 1, "display": false, "name": "Isshinryu Karate-do"}}, {"pk": 201, "model": "core.campusorg", "fields": {"website": "", "last_updated": "2011-05-03 12:27:39", "description": "", "image": "", "email": "", "date_created": "2011-05-03 12:27:39", "type": 1, "display": false, "name": "Ivory Tower Research Group"}}, {"pk": 202, "model": "core.campusorg", "fields": {"website": "", "last_updated": "2011-05-03 12:27:39", "description": "", "image": "", "email": "", "date_created": "2011-05-03 12:27:39", "type": 1, "display": false, "name": "Japanese Association"}}, {"pk": 203, "model": "core.campusorg", "fields": {"website": "", "last_updated": "2011-05-03 12:27:39", "description": "", "image": "", "email": "", "date_created": "2011-05-03 12:27:39", "type": 1, "display": false, "name": "Japanese Society of Undergraduates"}}, {"pk": 204, "model": "core.campusorg", "fields": {"website": "", "last_updated": "2011-05-03 12:27:39", "description": "", "image": "", "email": "", "date_created": "2011-05-03 12:27:39", "type": 1, "display": false, "name": "Jewish Student Activism"}}, {"pk": 205, "model": "core.campusorg", "fields": {"website": "", "last_updated": "2011-05-03 12:27:39", "description": "", "image": "", "email": "", "date_created": "2011-05-03 12:27:39", "type": 1, "display": false, "name": "Judo Club"}}, {"pk": 206, "model": "core.campusorg", "fields": {"website": "", "last_updated": "2011-05-03 12:27:39", "description": "", "image": "", "email": "", "date_created": "2011-05-03 12:27:39", "type": 1, "display": false, "name": "Kaleidoscope"}}, {"pk": 207, "model": "core.campusorg", "fields": {"website": "", "last_updated": "2011-05-03 12:27:39", "description": "", "image": "", "email": "", "date_created": "2011-05-03 12:27:39", "type": 1, "display": false, "name": "Kappa Alpha Theta"}}, {"pk": 208, "model": "core.campusorg", "fields": {"website": "", "last_updated": "2011-05-03 12:27:39", "description": "", "image": "", "email": "", "date_created": "2011-05-03 12:27:39", "type": 1, "display": false, "name": "Kendall Band Preservation Society"}}, {"pk": 209, "model": "core.campusorg", "fields": {"website": "", "last_updated": "2011-05-03 12:27:39", "description": "", "image": "", "email": "", "date_created": "2011-05-03 12:27:39", "type": 1, "display": false, "name": "Kendo Club"}}, {"pk": 210, "model": "core.campusorg", "fields": {"website": "", "last_updated": "2011-05-03 12:27:39", "description": "", "image": "", "email": "", "date_created": "2011-05-03 12:27:39", "type": 1, "display": false, "name": "Kickboxing"}}, {"pk": 211, "model": "core.campusorg", "fields": {"website": "", "last_updated": "2011-05-03 12:27:39", "description": "", "image": "", "email": "", "date_created": "2011-05-03 12:27:39", "type": 1, "display": false, "name": "Kokikai"}}, {"pk": 212, "model": "core.campusorg", "fields": {"website": "", "last_updated": "2011-05-03 12:27:40", "description": "", "image": "", "email": "", "date_created": "2011-05-03 12:27:40", "type": 1, "display": false, "name": "Komaza"}}, {"pk": 213, "model": "core.campusorg", "fields": {"website": "", "last_updated": "2011-05-03 12:27:40", "description": "", "image": "", "email": "", "date_created": "2011-05-03 12:27:40", "type": 1, "display": false, "name": "Korean Graduate Students Association"}}, {"pk": 214, "model": "core.campusorg", "fields": {"website": "", "last_updated": "2011-05-03 12:27:40", "description": "", "image": "", "email": "", "date_created": "2011-05-03 12:27:40", "type": 1, "display": false, "name": "Korean Karate Club"}}, {"pk": 215, "model": "core.campusorg", "fields": {"website": "", "last_updated": "2011-05-03 12:27:40", "description": "", "image": "", "email": "", "date_created": "2011-05-03 12:27:40", "type": 1, "display": false, "name": "Korean Students Association"}}, {"pk": 216, "model": "core.campusorg", "fields": {"website": "", "last_updated": "2011-05-03 12:27:40", "description": "", "image": "", "email": "", "date_created": "2011-05-03 12:27:40", "type": 1, "display": false, "name": "La Union Chicana por Aztlan"}}, {"pk": 217, "model": "core.campusorg", "fields": {"website": "", "last_updated": "2011-05-03 12:27:40", "description": "", "image": "", "email": "", "date_created": "2011-05-03 12:27:40", "type": 1, "display": false, "name": "Laboratory for Chocolate Science"}}, {"pk": 218, "model": "core.campusorg", "fields": {"website": "", "last_updated": "2011-05-03 12:27:40", "description": "", "image": "", "email": "", "date_created": "2011-05-03 12:27:40", "type": 1, "display": false, "name": "Latter-day Saint Student Association"}}, {"pk": 219, "model": "core.campusorg", "fields": {"website": "", "last_updated": "2011-05-03 12:27:40", "description": "", "image": "", "email": "", "date_created": "2011-05-03 12:27:40", "type": 1, "display": false, "name": "Law Club"}}, {"pk": 220, "model": "core.campusorg", "fields": {"website": "", "last_updated": "2011-05-03 12:27:40", "description": "", "image": "", "email": "", "date_created": "2011-05-03 12:27:40", "type": 1, "display": false, "name": "Leadership Training Institute"}}, {"pk": 221, "model": "core.campusorg", "fields": {"website": "", "last_updated": "2011-05-03 12:27:40", "description": "", "image": "", "email": "", "date_created": "2011-05-03 12:27:40", "type": 1, "display": false, "name": "Lebanese Club at MIT, The"}}, {"pk": 222, "model": "core.campusorg", "fields": {"website": "", "last_updated": "2011-05-03 12:27:40", "description": "", "image": "", "email": "", "date_created": "2011-05-03 12:27:40", "type": 1, "display": false, "name": "Lecture Series Committee"}}, {"pk": 223, "model": "core.campusorg", "fields": {"website": "", "last_updated": "2011-05-03 12:27:40", "description": "", "image": "", "email": "", "date_created": "2011-05-03 12:27:40", "type": 1, "display": false, "name": "Lindy Hop Society"}}, {"pk": 224, "model": "core.campusorg", "fields": {"website": "", "last_updated": "2011-05-03 12:27:40", "description": "", "image": "", "email": "", "date_created": "2011-05-03 12:27:40", "type": 1, "display": false, "name": "Linguistics Society"}}, {"pk": 225, "model": "core.campusorg", "fields": {"website": "", "last_updated": "2011-05-03 12:27:40", "description": "", "image": "", "email": "", "date_created": "2011-05-03 12:27:40", "type": 1, "display": false, "name": "Lion Dance Group"}}, {"pk": 226, "model": "core.campusorg", "fields": {"website": "", "last_updated": "2011-05-03 12:27:40", "description": "", "image": "", "email": "", "date_created": "2011-05-03 12:27:40", "type": 1, "display": false, "name": "Literary Society"}}, {"pk": 227, "model": "core.campusorg", "fields": {"website": "", "last_updated": "2011-05-03 12:27:40", "description": "", "image": "", "email": "", "date_created": "2011-05-03 12:27:40", "type": 1, "display": false, "name": "Live Music Connection"}}, {"pk": 228, "model": "core.campusorg", "fields": {"website": "", "last_updated": "2011-05-03 12:27:40", "description": "", "image": "", "email": "", "date_created": "2011-05-03 12:27:40", "type": 1, "display": false, "name": "Living Group Council"}}, {"pk": 229, "model": "core.campusorg", "fields": {"website": "", "last_updated": "2011-05-03 12:27:40", "description": "", "image": "", "email": "", "date_created": "2011-05-03 12:27:40", "type": 1, "display": false, "name": "Logarhythms"}}, {"pk": 230, "model": "core.campusorg", "fields": {"website": "", "last_updated": "2011-05-03 12:27:40", "description": "", "image": "", "email": "", "date_created": "2011-05-03 12:27:40", "type": 1, "display": false, "name": "Lutheran-Episcopal Ministry"}}, {"pk": 231, "model": "core.campusorg", "fields": {"website": "", "last_updated": "2011-05-03 12:27:40", "description": "", "image": "", "email": "", "date_created": "2011-05-03 12:27:40", "type": 1, "display": false, "name": "Magic the Gathering"}}, {"pk": 232, "model": "core.campusorg", "fields": {"website": "", "last_updated": "2011-05-03 12:27:40", "description": "", "image": "", "email": "", "date_created": "2011-05-03 12:27:40", "type": 1, "display": false, "name": "Malaysian Students Association"}}, {"pk": 233, "model": "core.campusorg", "fields": {"website": "", "last_updated": "2011-05-03 12:27:40", "description": "", "image": "", "email": "", "date_created": "2011-05-03 12:27:40", "type": 1, "display": false, "name": "Marching Band"}}, {"pk": 234, "model": "core.campusorg", "fields": {"website": "", "last_updated": "2011-05-03 12:27:40", "description": "", "image": "", "email": "", "date_created": "2011-05-03 12:27:40", "type": 1, "display": false, "name": "Maum Meditation"}}, {"pk": 235, "model": "core.campusorg", "fields": {"website": "", "last_updated": "2011-05-03 12:27:40", "description": "", "image": "", "email": "", "date_created": "2011-05-03 12:27:40", "type": 1, "display": false, "name": "Media and Entertainment Society"}}, {"pk": 236, "model": "core.campusorg", "fields": {"website": "", "last_updated": "2011-05-03 12:27:40", "description": "", "image": "", "email": "", "date_created": "2011-05-03 12:27:40", "type": 1, "display": false, "name": "Medlinks"}}, {"pk": 237, "model": "core.campusorg", "fields": {"website": "", "last_updated": "2011-05-03 12:27:40", "description": "", "image": "", "email": "", "date_created": "2011-05-03 12:27:40", "type": 1, "display": false, "name": "Melodies"}}, {"pk": 238, "model": "core.campusorg", "fields": {"website": "", "last_updated": "2011-05-03 12:27:40", "description": "", "image": "", "email": "", "date_created": "2011-05-03 12:27:40", "type": 1, "display": false, "name": "Men's Gymnastics Club"}}, {"pk": 239, "model": "core.campusorg", "fields": {"website": "", "last_updated": "2011-05-03 12:27:40", "description": "", "image": "", "email": "", "date_created": "2011-05-03 12:27:40", "type": 1, "display": false, "name": "Men's Ice Hockey Club"}}, {"pk": 240, "model": "core.campusorg", "fields": {"website": "", "last_updated": "2011-05-03 12:27:40", "description": "", "image": "", "email": "", "date_created": "2011-05-03 12:27:40", "type": 1, "display": false, "name": "Men's Rugby Football Club"}}, {"pk": 241, "model": "core.campusorg", "fields": {"website": "", "last_updated": "2011-05-03 12:27:40", "description": "", "image": "", "email": "", "date_created": "2011-05-03 12:27:40", "type": 1, "display": false, "name": "Men's Ultimate Frisbee"}}, {"pk": 242, "model": "core.campusorg", "fields": {"website": "", "last_updated": "2011-05-03 12:27:40", "description": "", "image": "", "email": "", "date_created": "2011-05-03 12:27:40", "type": 1, "display": false, "name": "Men's Volleyball Club"}}, {"pk": 243, "model": "core.campusorg", "fields": {"website": "", "last_updated": "2011-05-03 12:27:40", "description": "", "image": "", "email": "", "date_created": "2011-05-03 12:27:40", "type": 1, "display": false, "name": "MentorConnection"}}, {"pk": 244, "model": "core.campusorg", "fields": {"website": "", "last_updated": "2011-05-03 12:27:40", "description": "", "image": "", "email": "", "date_created": "2011-05-03 12:27:40", "type": 1, "display": false, "name": "Mes Latino"}}, {"pk": 245, "model": "core.campusorg", "fields": {"website": "", "last_updated": "2011-05-03 12:27:40", "description": "", "image": "", "email": "", "date_created": "2011-05-03 12:27:40", "type": 1, "display": false, "name": "Mexican Student Association"}}, {"pk": 246, "model": "core.campusorg", "fields": {"website": "", "last_updated": "2011-05-03 12:27:40", "description": "", "image": "", "email": "", "date_created": "2011-05-03 12:27:40", "type": 1, "display": false, "name": "Mexican-American Engineers and Scientists"}}, {"pk": 247, "model": "core.campusorg", "fields": {"website": "", "last_updated": "2011-05-03 12:27:40", "description": "", "image": "", "email": "", "date_created": "2011-05-03 12:27:40", "type": 1, "display": false, "name": "Middle East Education Through Technology"}}, {"pk": 248, "model": "core.campusorg", "fields": {"website": "", "last_updated": "2011-05-03 12:27:40", "description": "", "image": "", "email": "", "date_created": "2011-05-03 12:27:40", "type": 1, "display": false, "name": "Minority Business Association"}}, {"pk": 249, "model": "core.campusorg", "fields": {"website": "", "last_updated": "2011-05-03 12:27:40", "description": "", "image": "", "email": "", "date_created": "2011-05-03 12:27:40", "type": 1, "display": false, "name": "MIT for Liberty"}}, {"pk": 250, "model": "core.campusorg", "fields": {"website": "http://bellringers.scripts.mit.edu/www/", "last_updated": "2011-05-03 12:27:40", "description": "The MIT Guild of Bellringers rings hand bells at MIT and helps with maintaining and ringing the tower bells of the Old North Church in Boston. We have a tune ringing hand bell choir and a change ringing hand bell group. They each meet once a week for practices.", "image": "", "email": "bellringers@mit.edu", "date_created": "2011-05-03 12:27:40", "type": 8, "display": false, "name": "MIT Guild of Bellringers"}}, {"pk": 251, "model": "core.campusorg", "fields": {"website": "", "last_updated": "2011-05-03 12:27:40", "description": "", "image": "", "email": "", "date_created": "2011-05-03 12:27:40", "type": 1, "display": false, "name": "MITALY - Italian Student Association"}}, {"pk": 252, "model": "core.campusorg", "fields": {"website": "", "last_updated": "2011-05-03 12:27:40", "description": "", "image": "", "email": "", "date_created": "2011-05-03 12:27:40", "type": 1, "display": false, "name": "mitBEEF"}}, {"pk": 253, "model": "core.campusorg", "fields": {"website": "", "last_updated": "2011-05-03 12:27:40", "description": "", "image": "", "email": "", "date_created": "2011-05-03 12:27:40", "type": 1, "display": false, "name": "MITKNIT"}}, {"pk": 254, "model": "core.campusorg", "fields": {"website": "", "last_updated": "2011-05-03 12:27:40", "description": "", "image": "", "email": "", "date_created": "2011-05-03 12:27:40", "type": 1, "display": false, "name": "MITRaas"}}, {"pk": 255, "model": "core.campusorg", "fields": {"website": "", "last_updated": "2011-05-03 12:27:40", "description": "", "image": "", "email": "", "date_created": "2011-05-03 12:27:40", "type": 1, "display": false, "name": "Mocha Moves Dance Squad"}}, {"pk": 256, "model": "core.campusorg", "fields": {"website": "", "last_updated": "2011-05-03 12:27:40", "description": "", "image": "", "email": "", "date_created": "2011-05-03 12:27:40", "type": 1, "display": false, "name": "Model United Nations(MUN)"}}, {"pk": 257, "model": "core.campusorg", "fields": {"website": "", "last_updated": "2011-05-03 12:27:40", "description": "", "image": "", "email": "", "date_created": "2011-05-03 12:27:40", "type": 1, "display": false, "name": "Movements in Time"}}, {"pk": 258, "model": "core.campusorg", "fields": {"website": "", "last_updated": "2011-05-03 12:27:40", "description": "", "image": "", "email": "", "date_created": "2011-05-03 12:27:40", "type": 1, "display": false, "name": "Mujeres Latinas"}}, {"pk": 259, "model": "core.campusorg", "fields": {"website": "", "last_updated": "2011-05-03 12:27:40", "description": "", "image": "", "email": "", "date_created": "2011-05-03 12:27:40", "type": 1, "display": false, "name": "Mural Club"}}, {"pk": 260, "model": "core.campusorg", "fields": {"website": "", "last_updated": "2011-05-03 12:27:40", "description": "", "image": "", "email": "", "date_created": "2011-05-03 12:27:40", "type": 1, "display": false, "name": "Muses, The MIT"}}, {"pk": 261, "model": "core.campusorg", "fields": {"website": "", "last_updated": "2011-05-03 12:27:40", "description": "", "image": "", "email": "", "date_created": "2011-05-03 12:27:40", "type": 1, "display": false, "name": "Musical Theatre Guild"}}, {"pk": 262, "model": "core.campusorg", "fields": {"website": "", "last_updated": "2011-05-03 12:27:40", "description": "", "image": "", "email": "", "date_created": "2011-05-03 12:27:40", "type": 1, "display": false, "name": "Muslim Students' Association"}}, {"pk": 263, "model": "core.campusorg", "fields": {"website": "", "last_updated": "2011-05-03 12:27:40", "description": "", "image": "", "email": "", "date_created": "2011-05-03 12:27:40", "type": 1, "display": false, "name": "Mystery Hunt"}}, {"pk": 264, "model": "core.campusorg", "fields": {"website": "", "last_updated": "2011-05-03 12:27:40", "description": "", "image": "", "email": "", "date_created": "2011-05-03 12:27:40", "type": 1, "display": false, "name": "National Society of Black Engineers"}}, {"pk": 265, "model": "core.campusorg", "fields": {"website": "", "last_updated": "2011-05-03 12:27:40", "description": "", "image": "", "email": "", "date_created": "2011-05-03 12:27:40", "type": 1, "display": false, "name": "National Society of Collegiate Scholars"}}, {"pk": 266, "model": "core.campusorg", "fields": {"website": "", "last_updated": "2011-05-03 12:27:40", "description": "", "image": "", "email": "", "date_created": "2011-05-03 12:27:40", "type": 1, "display": false, "name": "Natya"}}, {"pk": 267, "model": "core.campusorg", "fields": {"website": "", "last_updated": "2011-05-03 12:27:40", "description": "", "image": "", "email": "", "date_created": "2011-05-03 12:27:40", "type": 1, "display": false, "name": "Network of Sloan Undergraduate Women"}}, {"pk": 268, "model": "core.campusorg", "fields": {"website": "", "last_updated": "2011-05-03 12:27:40", "description": "", "image": "", "email": "", "date_created": "2011-05-03 12:27:40", "type": 1, "display": false, "name": "Networks Initiative"}}, {"pk": 269, "model": "core.campusorg", "fields": {"website": "", "last_updated": "2011-05-03 12:27:40", "description": "", "image": "", "email": "", "date_created": "2011-05-03 12:27:40", "type": 1, "display": false, "name": "Nigerian Students Association"}}, {"pk": 270, "model": "core.campusorg", "fields": {"website": "", "last_updated": "2011-05-03 12:27:40", "description": "", "image": "", "email": "", "date_created": "2011-05-03 12:27:40", "type": 1, "display": false, "name": "NOBCChE-MIT"}}, {"pk": 271, "model": "core.campusorg", "fields": {"website": "", "last_updated": "2011-05-03 12:27:41", "description": "", "image": "", "email": "", "date_created": "2011-05-03 12:27:41", "type": 1, "display": false, "name": "Number Six Club - Delta Psi"}}, {"pk": 272, "model": "core.campusorg", "fields": {"website": "", "last_updated": "2011-05-03 12:27:41", "description": "", "image": "", "email": "", "date_created": "2011-05-03 12:27:41", "type": 1, "display": false, "name": "Ohms"}}, {"pk": 273, "model": "core.campusorg", "fields": {"website": "", "last_updated": "2011-05-03 12:27:41", "description": "", "image": "", "email": "", "date_created": "2011-05-03 12:27:41", "type": 1, "display": false, "name": "Oori"}}, {"pk": 274, "model": "core.campusorg", "fields": {"website": "", "last_updated": "2011-05-03 12:27:41", "description": "", "image": "", "email": "", "date_created": "2011-05-03 12:27:41", "type": 1, "display": false, "name": "Opera Club"}}, {"pk": 275, "model": "core.campusorg", "fields": {"website": "", "last_updated": "2011-05-03 12:27:41", "description": "", "image": "", "email": "", "date_created": "2011-05-03 12:27:41", "type": 1, "display": false, "name": "Order of Omega"}}, {"pk": 276, "model": "core.campusorg", "fields": {"website": "", "last_updated": "2011-05-03 12:27:41", "description": "", "image": "", "email": "", "date_created": "2011-05-03 12:27:41", "type": 1, "display": false, "name": "Organization of Serbian Students"}}, {"pk": 277, "model": "core.campusorg", "fields": {"website": "", "last_updated": "2011-05-03 12:27:41", "description": "", "image": "", "email": "", "date_created": "2011-05-03 12:27:41", "type": 1, "display": false, "name": "OrigaMIT"}}, {"pk": 278, "model": "core.campusorg", "fields": {"website": "", "last_updated": "2011-05-03 12:27:41", "description": "", "image": "", "email": "", "date_created": "2011-05-03 12:27:41", "type": 1, "display": false, "name": "Orthodox Christian Fellowship"}}, {"pk": 279, "model": "core.campusorg", "fields": {"website": "http://mitathletics.com/sports/m-track/index", "last_updated": "2011-05-03 12:27:41", "description": "MIT's outdoor track and field team competes against Babson College, Springfield College, the U.S. Coast Guard Academy, Wheaton College, and WPI in the New England Women's and Men's Athletic Conference (NEWMAC).", "image": "", "email": "hwtaylor@mit.edu", "date_created": "2011-05-03 12:27:41", "type": 11, "display": false, "name": "Track and Field"}}, {"pk": 280, "model": "core.campusorg", "fields": {"website": "", "last_updated": "2011-05-03 12:27:41", "description": "", "image": "", "email": "", "date_created": "2011-05-03 12:27:41", "type": 1, "display": false, "name": "Outing Club"}}, {"pk": 281, "model": "core.campusorg", "fields": {"website": "", "last_updated": "2011-05-03 12:27:41", "description": "", "image": "", "email": "", "date_created": "2011-05-03 12:27:41", "type": 1, "display": false, "name": "Pagan Students' Group"}}, {"pk": 282, "model": "core.campusorg", "fields": {"website": "", "last_updated": "2011-05-03 12:27:41", "description": "", "image": "", "email": "", "date_created": "2011-05-03 12:27:41", "type": 1, "display": false, "name": "Paksmit"}}, {"pk": 283, "model": "core.campusorg", "fields": {"website": "", "last_updated": "2011-05-03 12:27:41", "description": "", "image": "", "email": "", "date_created": "2011-05-03 12:27:41", "type": 1, "display": false, "name": "Palestine@MIT"}}, {"pk": 284, "model": "core.campusorg", "fields": {"website": "", "last_updated": "2011-05-03 12:27:41", "description": "", "image": "", "email": "", "date_created": "2011-05-03 12:27:41", "type": 1, "display": false, "name": "Panhellenic Association"}}, {"pk": 285, "model": "core.campusorg", "fields": {"website": "", "last_updated": "2011-05-03 12:27:41", "description": "", "image": "", "email": "", "date_created": "2011-05-03 12:27:41", "type": 1, "display": false, "name": "Pershing Rifles C-12 (Abn)"}}, {"pk": 286, "model": "core.campusorg", "fields": {"website": "", "last_updated": "2011-05-03 12:27:41", "description": "", "image": "", "email": "", "date_created": "2011-05-03 12:27:41", "type": 1, "display": false, "name": "Persian Students Association"}}, {"pk": 287, "model": "core.campusorg", "fields": {"website": "", "last_updated": "2011-05-03 12:27:41", "description": "", "image": "", "email": "", "date_created": "2011-05-03 12:27:41", "type": 1, "display": false, "name": "Petroleum Club"}}, {"pk": 288, "model": "core.campusorg", "fields": {"website": "", "last_updated": "2011-05-03 12:27:41", "description": "", "image": "", "email": "", "date_created": "2011-05-03 12:27:41", "type": 1, "display": false, "name": "Phi Delta Theta"}}, {"pk": 289, "model": "core.campusorg", "fields": {"website": "", "last_updated": "2011-05-03 12:27:41", "description": "", "image": "", "email": "", "date_created": "2011-05-03 12:27:41", "type": 1, "display": false, "name": "Phi Kappa Sigma International Fraternity"}}, {"pk": 290, "model": "core.campusorg", "fields": {"website": "", "last_updated": "2011-05-03 12:27:41", "description": "", "image": "", "email": "", "date_created": "2011-05-03 12:27:41", "type": 1, "display": false, "name": "Physics Graduate Student Council"}}, {"pk": 291, "model": "core.campusorg", "fields": {"website": "", "last_updated": "2011-05-03 12:27:41", "description": "", "image": "", "email": "", "date_created": "2011-05-03 12:27:41", "type": 1, "display": false, "name": "Pi Beta Phi"}}, {"pk": 292, "model": "core.campusorg", "fields": {"website": "", "last_updated": "2011-05-03 12:27:41", "description": "", "image": "", "email": "", "date_created": "2011-05-03 12:27:41", "type": 1, "display": false, "name": "Pi Kappa Alpha Fraternity"}}, {"pk": 293, "model": "core.campusorg", "fields": {"website": "", "last_updated": "2011-05-03 12:27:41", "description": "", "image": "", "email": "", "date_created": "2011-05-03 12:27:41", "type": 1, "display": false, "name": "Platypus"}}, {"pk": 294, "model": "core.campusorg", "fields": {"website": "", "last_updated": "2011-05-03 12:27:41", "description": "", "image": "", "email": "", "date_created": "2011-05-03 12:27:41", "type": 1, "display": false, "name": "Polish Club at MIT"}}, {"pk": 295, "model": "core.campusorg", "fields": {"website": "", "last_updated": "2011-05-03 12:27:41", "description": "", "image": "", "email": "", "date_created": "2011-05-03 12:27:41", "type": 1, "display": false, "name": "Portuguese Student Association"}}, {"pk": 296, "model": "core.campusorg", "fields": {"website": "", "last_updated": "2011-05-03 12:27:41", "description": "", "image": "", "email": "", "date_created": "2011-05-03 12:27:41", "type": 1, "display": false, "name": "Pro-Life"}}, {"pk": 297, "model": "core.campusorg", "fields": {"website": "", "last_updated": "2011-05-03 12:27:41", "description": "", "image": "", "email": "", "date_created": "2011-05-03 12:27:41", "type": 1, "display": false, "name": "Protestant Student Community"}}, {"pk": 298, "model": "core.campusorg", "fields": {"website": "", "last_updated": "2011-05-03 12:27:41", "description": "", "image": "", "email": "", "date_created": "2011-05-03 12:27:41", "type": 1, "display": false, "name": "Qigong"}}, {"pk": 299, "model": "core.campusorg", "fields": {"website": "", "last_updated": "2011-05-03 12:27:41", "description": "", "image": "", "email": "", "date_created": "2011-05-03 12:27:41", "type": 1, "display": false, "name": "Quidditch Team"}}, {"pk": 300, "model": "core.campusorg", "fields": {"website": "", "last_updated": "2011-05-03 12:27:41", "description": "", "image": "", "email": "", "date_created": "2011-05-03 12:27:41", "type": 1, "display": false, "name": "Quiz Bowl Team"}}, {"pk": 301, "model": "core.campusorg", "fields": {"website": "", "last_updated": "2011-05-03 12:27:41", "description": "", "image": "", "email": "", "date_created": "2011-05-03 12:27:41", "type": 1, "display": false, "name": "Radio Society W1MX"}}, {"pk": 302, "model": "core.campusorg", "fields": {"website": "", "last_updated": "2011-05-03 12:27:41", "description": "", "image": "", "email": "", "date_created": "2011-05-03 12:27:41", "type": 1, "display": false, "name": "Rainbow Coffeehouse"}}, {"pk": 303, "model": "core.campusorg", "fields": {"website": "", "last_updated": "2011-05-03 12:27:41", "description": "", "image": "", "email": "", "date_created": "2011-05-03 12:27:41", "type": 1, "display": false, "name": "RecycleMania"}}, {"pk": 304, "model": "core.campusorg", "fields": {"website": "", "last_updated": "2011-05-03 12:27:41", "description": "", "image": "", "email": "", "date_created": "2011-05-03 12:27:41", "type": 1, "display": false, "name": "Resonance of MIT, The"}}, {"pk": 305, "model": "core.campusorg", "fields": {"website": "", "last_updated": "2011-05-03 12:27:41", "description": "", "image": "", "email": "", "date_created": "2011-05-03 12:27:41", "type": 1, "display": false, "name": "Ridonkulous"}}, {"pk": 306, "model": "core.campusorg", "fields": {"website": "", "last_updated": "2011-05-03 12:27:41", "description": "", "image": "", "email": "", "date_created": "2011-05-03 12:27:41", "type": 1, "display": false, "name": "Ring Committee"}}, {"pk": 307, "model": "core.campusorg", "fields": {"website": "", "last_updated": "2011-05-03 12:27:41", "description": "", "image": "", "email": "", "date_created": "2011-05-03 12:27:41", "type": 1, "display": false, "name": "Roadkill Buffet"}}, {"pk": 308, "model": "core.campusorg", "fields": {"website": "", "last_updated": "2011-05-03 12:27:41", "description": "", "image": "", "email": "", "date_created": "2011-05-03 12:27:41", "type": 1, "display": false, "name": "Rocket Team"}}, {"pk": 309, "model": "core.campusorg", "fields": {"website": "", "last_updated": "2011-05-03 12:27:41", "description": "", "image": "", "email": "", "date_created": "2011-05-03 12:27:41", "type": 1, "display": false, "name": "ROCSA"}}, {"pk": 310, "model": "core.campusorg", "fields": {"website": "", "last_updated": "2011-05-03 12:27:41", "description": "", "image": "", "email": "", "date_created": "2011-05-03 12:27:41", "type": 1, "display": false, "name": "Romanian Student Association"}}, {"pk": 311, "model": "core.campusorg", "fields": {"website": "", "last_updated": "2011-05-03 12:27:41", "description": "", "image": "", "email": "", "date_created": "2011-05-03 12:27:41", "type": 1, "display": false, "name": "Rowing Club"}}, {"pk": 312, "model": "core.campusorg", "fields": {"website": "", "last_updated": "2011-05-03 12:27:41", "description": "", "image": "", "email": "", "date_created": "2011-05-03 12:27:41", "type": 1, "display": false, "name": "RS Infinity"}}, {"pk": 313, "model": "core.campusorg", "fields": {"website": "", "last_updated": "2011-05-03 12:27:41", "description": "", "image": "", "email": "", "date_created": "2011-05-03 12:27:41", "type": 1, "display": false, "name": "Rubik's Cube Club"}}, {"pk": 314, "model": "core.campusorg", "fields": {"website": "", "last_updated": "2011-05-03 12:27:41", "description": "", "image": "", "email": "", "date_created": "2011-05-03 12:27:41", "type": 1, "display": false, "name": "Rune"}}, {"pk": 315, "model": "core.campusorg", "fields": {"website": "", "last_updated": "2011-05-03 12:27:41", "description": "", "image": "", "email": "", "date_created": "2011-05-03 12:27:41", "type": 1, "display": false, "name": "Russian Business Club"}}, {"pk": 316, "model": "core.campusorg", "fields": {"website": "", "last_updated": "2011-05-03 12:27:41", "description": "", "image": "", "email": "", "date_created": "2011-05-03 12:27:41", "type": 1, "display": false, "name": "Russian Connection"}}, {"pk": 317, "model": "core.campusorg", "fields": {"website": "", "last_updated": "2011-05-03 12:27:41", "description": "", "image": "", "email": "", "date_created": "2011-05-03 12:27:41", "type": 1, "display": false, "name": "Salsa Club"}}, {"pk": 318, "model": "core.campusorg", "fields": {"website": "", "last_updated": "2011-05-03 12:27:41", "description": "", "image": "", "email": "", "date_created": "2011-05-03 12:27:41", "type": 1, "display": false, "name": "Samskritam"}}, {"pk": 319, "model": "core.campusorg", "fields": {"website": "", "last_updated": "2011-05-03 12:27:41", "description": "", "image": "", "email": "", "date_created": "2011-05-03 12:27:41", "type": 1, "display": false, "name": "Sangam"}}, {"pk": 320, "model": "core.campusorg", "fields": {"website": "", "last_updated": "2011-05-03 12:27:41", "description": "", "image": "", "email": "", "date_created": "2011-05-03 12:27:41", "type": 1, "display": false, "name": "Satellite Team"}}, {"pk": 321, "model": "core.campusorg", "fields": {"website": "", "last_updated": "2011-05-03 12:27:41", "description": "", "image": "", "email": "", "date_created": "2011-05-03 12:27:41", "type": 1, "display": false, "name": "Science and Engineering Business Club"}}, {"pk": 322, "model": "core.campusorg", "fields": {"website": "", "last_updated": "2011-05-03 12:27:41", "description": "", "image": "", "email": "", "date_created": "2011-05-03 12:27:41", "type": 1, "display": false, "name": "Science Fiction Society"}}, {"pk": 323, "model": "core.campusorg", "fields": {"website": "", "last_updated": "2011-05-03 12:27:41", "description": "", "image": "", "email": "", "date_created": "2011-05-03 12:27:41", "type": 1, "display": false, "name": "Science Policy Initiative"}}, {"pk": 324, "model": "core.campusorg", "fields": {"website": "", "last_updated": "2011-05-03 12:27:41", "description": "", "image": "", "email": "", "date_created": "2011-05-03 12:27:41", "type": 1, "display": false, "name": "Scuba Club"}}, {"pk": 325, "model": "core.campusorg", "fields": {"website": "", "last_updated": "2011-05-03 12:27:41", "description": "", "image": "", "email": "", "date_created": "2011-05-03 12:27:41", "type": 1, "display": false, "name": "Service"}}, {"pk": 326, "model": "core.campusorg", "fields": {"website": "", "last_updated": "2011-05-03 12:27:41", "description": "", "image": "", "email": "", "date_created": "2011-05-03 12:27:41", "type": 1, "display": false, "name": "Shakespeare Ensemble"}}, {"pk": 327, "model": "core.campusorg", "fields": {"website": "", "last_updated": "2011-05-03 12:27:42", "description": "", "image": "", "email": "", "date_created": "2011-05-03 12:27:42", "type": 1, "display": false, "name": "Shotokan Karate"}}, {"pk": 328, "model": "core.campusorg", "fields": {"website": "http://s-p.mit.edu/", "last_updated": "2011-05-03 12:27:42", "description": "The vibrant community at Sidney-Pacific is what makes S-P more -- much more! -- than just another residence hall. Here at S-P, nearly 700 graduate students of diverse backgrounds and interests come together. Everyone has a story to tell, everyone has a talent to share, and our residential life programs strive to provide the perfect environment for that sharing and telling to happen. Indeed, the primary goal of our hardworking house government and friendly housemasters is to encourage residents to build friendships, get to know neighbors, and ultimately have a wonderful time here.", "image": "", "email": "sp-housemanager@mit.edu", "date_created": "2011-05-03 12:27:42", "type": 7, "display": false, "name": "Sidney-Pacific Graduate Community"}}, {"pk": 329, "model": "core.campusorg", "fields": {"website": "", "last_updated": "2011-05-03 12:27:42", "description": "", "image": "", "email": "", "date_created": "2011-05-03 12:27:42", "type": 1, "display": false, "name": "Sigma Chi"}}, {"pk": 330, "model": "core.campusorg", "fields": {"website": "", "last_updated": "2011-05-03 12:27:42", "description": "", "image": "", "email": "", "date_created": "2011-05-03 12:27:42", "type": 1, "display": false, "name": "Sigma Kappa"}}, {"pk": 331, "model": "core.campusorg", "fields": {"website": "", "last_updated": "2011-05-03 12:27:42", "description": "", "image": "", "email": "", "date_created": "2011-05-03 12:27:42", "type": 1, "display": false, "name": "Sigma Phi Epsilon"}}, {"pk": 332, "model": "core.campusorg", "fields": {"website": "", "last_updated": "2011-05-03 12:27:42", "description": "", "image": "", "email": "", "date_created": "2011-05-03 12:27:42", "type": 1, "display": false, "name": "Singapore Students Society"}}, {"pk": 333, "model": "core.campusorg", "fields": {"website": "", "last_updated": "2011-05-03 12:27:42", "description": "", "image": "", "email": "", "date_created": "2011-05-03 12:27:42", "type": 1, "display": false, "name": "Skateboarding Club"}}, {"pk": 334, "model": "core.campusorg", "fields": {"website": "http://web.mit.edu/suma/", "last_updated": "2011-05-03 12:27:42", "description": "The organization's goal is to educate, inform, and connect MIT students to the opportunities in the world of business.", "image": "", "email": "sbc-exec@mit.edu", "date_created": "2011-05-03 12:27:42", "type": 5, "display": false, "name": "Sloan Business Club"}}, {"pk": 335, "model": "core.campusorg", "fields": {"website": "", "last_updated": "2011-05-03 12:27:42", "description": "", "image": "", "email": "", "date_created": "2011-05-03 12:27:42", "type": 1, "display": false, "name": "Snowriders"}}, {"pk": 336, "model": "core.campusorg", "fields": {"website": "", "last_updated": "2011-05-03 12:27:42", "description": "", "image": "", "email": "", "date_created": "2011-05-03 12:27:42", "type": 1, "display": false, "name": "Social Media Club"}}, {"pk": 337, "model": "core.campusorg", "fields": {"website": "", "last_updated": "2011-05-03 12:27:42", "description": "", "image": "", "email": "", "date_created": "2011-05-03 12:27:42", "type": 1, "display": false, "name": "Societo por Esperanto"}}, {"pk": 338, "model": "core.campusorg", "fields": {"website": "", "last_updated": "2011-05-03 12:27:42", "description": "", "image": "", "email": "", "date_created": "2011-05-03 12:27:42", "type": 1, "display": false, "name": "Society for Creative Anachronism"}}, {"pk": 339, "model": "core.campusorg", "fields": {"website": "", "last_updated": "2011-05-03 12:27:42", "description": "", "image": "", "email": "", "date_created": "2011-05-03 12:27:42", "type": 1, "display": false, "name": "Society for Women in Mathematics"}}, {"pk": 340, "model": "core.campusorg", "fields": {"website": "", "last_updated": "2011-05-03 12:27:42", "description": "", "image": "", "email": "", "date_created": "2011-05-03 12:27:42", "type": 1, "display": false, "name": "Society of Asian Scientists and Engineers"}}, {"pk": 341, "model": "core.campusorg", "fields": {"website": "", "last_updated": "2011-05-03 12:27:42", "description": "", "image": "", "email": "", "date_created": "2011-05-03 12:27:42", "type": 1, "display": false, "name": "Society of Hispanic Professional Engineers"}}, {"pk": 342, "model": "core.campusorg", "fields": {"website": "", "last_updated": "2011-05-03 12:27:42", "description": "", "image": "", "email": "", "date_created": "2011-05-03 12:27:42", "type": 1, "display": false, "name": "Society of Physics Students"}}, {"pk": 343, "model": "core.campusorg", "fields": {"website": "", "last_updated": "2011-05-03 12:27:42", "description": "", "image": "", "email": "", "date_created": "2011-05-03 12:27:42", "type": 1, "display": false, "name": "Society of Women Engineers"}}, {"pk": 344, "model": "core.campusorg", "fields": {"website": "", "last_updated": "2011-05-03 12:27:42", "description": "", "image": "", "email": "", "date_created": "2011-05-03 12:27:42", "type": 1, "display": false, "name": "Sojourn Collegiate Ministry"}}, {"pk": 345, "model": "core.campusorg", "fields": {"website": "http://solar-cars.scripts.mit.edu/", "last_updated": "2011-05-03 12:27:42", "description": "The team draws on a broad range of technical knowledge encompassing all fields of engineering and science. Team membership provides an intense educational experience which teaches practical skills impossible to communicate in the classroom environment, turning students into engineers. In addition to providing real-world design and manufacturing experience, involvement in the team develops project management and business skills. The team also gives students the opportunity to work closely with professors and members of the business community, including those on the board of consultants, when developing the vehicles.", "image": "", "email": "gosolar@mit.edu", "date_created": "2011-05-03 12:27:42", "type": 12, "display": false, "name": "Solar Electric Vehicle Team"}}, {"pk": 346, "model": "core.campusorg", "fields": {"website": "", "last_updated": "2011-05-03 12:27:42", "description": "", "image": "", "email": "", "date_created": "2011-05-03 12:27:42", "type": 1, "display": false, "name": "South Asian American Students"}}, {"pk": 347, "model": "core.campusorg", "fields": {"website": "", "last_updated": "2011-05-03 12:27:42", "description": "", "image": "", "email": "", "date_created": "2011-05-03 12:27:42", "type": 1, "display": false, "name": "Southeast Asian Service Leadership Network"}}, {"pk": 348, "model": "core.campusorg", "fields": {"website": "", "last_updated": "2011-05-03 12:27:42", "description": "", "image": "", "email": "", "date_created": "2011-05-03 12:27:42", "type": 1, "display": false, "name": "Spain@MIT"}}, {"pk": 349, "model": "core.campusorg", "fields": {"website": "", "last_updated": "2011-05-03 12:27:42", "description": "", "image": "", "email": "", "date_created": "2011-05-03 12:27:42", "type": 1, "display": false, "name": "Spinning Arts Club"}}, {"pk": 350, "model": "core.campusorg", "fields": {"website": "", "last_updated": "2011-05-03 12:27:42", "description": "", "image": "", "email": "", "date_created": "2011-05-03 12:27:42", "type": 1, "display": false, "name": "Sport Pistol Club"}}, {"pk": 351, "model": "core.campusorg", "fields": {"website": "", "last_updated": "2011-05-03 12:27:42", "description": "", "image": "", "email": "", "date_created": "2011-05-03 12:27:42", "type": 1, "display": false, "name": "Sport Taekwondo Club"}}, {"pk": 352, "model": "core.campusorg", "fields": {"website": "", "last_updated": "2011-05-03 12:27:42", "description": "", "image": "", "email": "", "date_created": "2011-05-03 12:27:42", "type": 1, "display": false, "name": "Sporting Clays Association"}}, {"pk": 353, "model": "core.campusorg", "fields": {"website": "", "last_updated": "2011-05-03 12:27:42", "description": "", "image": "", "email": "", "date_created": "2011-05-03 12:27:42", "type": 1, "display": false, "name": "Stammtisch"}}, {"pk": 354, "model": "core.campusorg", "fields": {"website": "", "last_updated": "2011-05-03 12:27:42", "description": "", "image": "", "email": "", "date_created": "2011-05-03 12:27:42", "type": 1, "display": false, "name": "STAND"}}, {"pk": 355, "model": "core.campusorg", "fields": {"website": "", "last_updated": "2011-05-03 12:27:42", "description": "", "image": "", "email": "", "date_created": "2011-05-03 12:27:42", "type": 1, "display": false, "name": "Stand Up Comedy Club"}}, {"pk": 356, "model": "core.campusorg", "fields": {"website": "", "last_updated": "2011-05-03 12:27:42", "description": "", "image": "", "email": "", "date_created": "2011-05-03 12:27:42", "type": 1, "display": false, "name": "Starleague"}}, {"pk": 357, "model": "core.campusorg", "fields": {"website": "", "last_updated": "2011-05-03 12:27:42", "description": "", "image": "", "email": "", "date_created": "2011-05-03 12:27:42", "type": 1, "display": false, "name": "Startup Club"}}, {"pk": 358, "model": "core.campusorg", "fields": {"website": "", "last_updated": "2011-05-03 12:27:42", "description": "", "image": "", "email": "", "date_created": "2011-05-03 12:27:42", "type": 1, "display": false, "name": "STeLA@MIT"}}, {"pk": 359, "model": "core.campusorg", "fields": {"website": "", "last_updated": "2011-05-03 12:27:42", "description": "", "image": "", "email": "", "date_created": "2011-05-03 12:27:42", "type": 1, "display": false, "name": "Stop Our Silence"}}, {"pk": 360, "model": "core.campusorg", "fields": {"website": "", "last_updated": "2011-05-03 12:27:42", "description": "", "image": "", "email": "", "date_created": "2011-05-03 12:27:42", "type": 1, "display": false, "name": "Strategic Games Society"}}, {"pk": 361, "model": "core.campusorg", "fields": {"website": "", "last_updated": "2011-05-03 12:27:42", "description": "", "image": "", "email": "", "date_created": "2011-05-03 12:27:42", "type": 1, "display": false, "name": "Student Ambassadors"}}, {"pk": 362, "model": "core.campusorg", "fields": {"website": "", "last_updated": "2011-05-03 12:27:42", "description": "", "image": "", "email": "", "date_created": "2011-05-03 12:27:42", "type": 1, "display": false, "name": "Student Cable Group"}}, {"pk": 363, "model": "core.campusorg", "fields": {"website": "", "last_updated": "2011-05-03 12:27:42", "description": "", "image": "", "email": "", "date_created": "2011-05-03 12:27:42", "type": 1, "display": false, "name": "Student Health Advisory Committee"}}, {"pk": 364, "model": "core.campusorg", "fields": {"website": "", "last_updated": "2011-05-03 12:27:42", "description": "", "image": "", "email": "", "date_created": "2011-05-03 12:27:42", "type": 1, "display": false, "name": "Student Information Processing Board"}}, {"pk": 365, "model": "core.campusorg", "fields": {"website": "", "last_updated": "2011-05-03 12:27:42", "description": "", "image": "", "email": "", "date_created": "2011-05-03 12:27:42", "type": 1, "display": false, "name": "Student Juggling Club"}}, {"pk": 366, "model": "core.campusorg", "fields": {"website": "", "last_updated": "2011-05-03 12:27:42", "description": "", "image": "", "email": "", "date_created": "2011-05-03 12:27:42", "type": 1, "display": false, "name": "Student Research Association"}}, {"pk": 367, "model": "core.campusorg", "fields": {"website": "", "last_updated": "2011-05-03 12:27:42", "description": "", "image": "", "email": "", "date_created": "2011-05-03 12:27:42", "type": 1, "display": false, "name": "Student-Worker Alliance"}}, {"pk": 368, "model": "core.campusorg", "fields": {"website": "", "last_updated": "2011-05-03 12:27:42", "description": "", "image": "", "email": "", "date_created": "2011-05-03 12:27:42", "type": 1, "display": false, "name": "Students for Bhopal"}}, {"pk": 369, "model": "core.campusorg", "fields": {"website": "", "last_updated": "2011-05-03 12:27:42", "description": "", "image": "", "email": "", "date_created": "2011-05-03 12:27:42", "type": 1, "display": false, "name": "Students for Israel"}}, {"pk": 370, "model": "core.campusorg", "fields": {"website": "", "last_updated": "2011-05-03 12:27:42", "description": "", "image": "", "email": "", "date_created": "2011-05-03 12:27:42", "type": 1, "display": false, "name": "Students of Color Committee"}}, {"pk": 371, "model": "core.campusorg", "fields": {"website": "", "last_updated": "2011-05-03 12:27:42", "description": "", "image": "", "email": "", "date_created": "2011-05-03 12:27:42", "type": 1, "display": false, "name": "Sustainability@MIT"}}, {"pk": 372, "model": "core.campusorg", "fields": {"website": "", "last_updated": "2011-05-03 12:27:42", "description": "", "image": "", "email": "", "date_created": "2011-05-03 12:27:42", "type": 1, "display": false, "name": "Swara"}}, {"pk": 373, "model": "core.campusorg", "fields": {"website": "", "last_updated": "2011-05-03 12:27:42", "description": "", "image": "", "email": "", "date_created": "2011-05-03 12:27:42", "type": 1, "display": false, "name": "SwissLinkBoston"}}, {"pk": 374, "model": "core.campusorg", "fields": {"website": "", "last_updated": "2011-05-03 12:27:42", "description": "", "image": "", "email": "", "date_created": "2011-05-03 12:27:42", "type": 1, "display": false, "name": "Syncopasian"}}, {"pk": 375, "model": "core.campusorg", "fields": {"website": "", "last_updated": "2011-05-03 12:27:42", "description": "", "image": "", "email": "", "date_created": "2011-05-03 12:27:42", "type": 1, "display": false, "name": "Synthetic Biology Society"}}, {"pk": 376, "model": "core.campusorg", "fields": {"website": "", "last_updated": "2011-05-03 12:27:42", "description": "", "image": "", "email": "", "date_created": "2011-05-03 12:27:42", "type": 1, "display": false, "name": "Table Tennis Team"}}, {"pk": 377, "model": "core.campusorg", "fields": {"website": "", "last_updated": "2011-05-03 12:27:42", "description": "", "image": "", "email": "", "date_created": "2011-05-03 12:27:42", "type": 1, "display": false, "name": "Tae Kwon Do Club"}}, {"pk": 378, "model": "core.campusorg", "fields": {"website": "", "last_updated": "2011-05-03 12:27:42", "description": "", "image": "", "email": "", "date_created": "2011-05-03 12:27:42", "type": 1, "display": false, "name": "Tang Hall Residents' Association"}}, {"pk": 379, "model": "core.campusorg", "fields": {"website": "", "last_updated": "2011-05-03 12:27:42", "description": "", "image": "", "email": "", "date_created": "2011-05-03 12:27:42", "type": 1, "display": false, "name": "Tango Club"}}, {"pk": 380, "model": "core.campusorg", "fields": {"website": "", "last_updated": "2011-05-03 12:27:42", "description": "", "image": "", "email": "", "date_created": "2011-05-03 12:27:42", "type": 1, "display": false, "name": "Tau Beta Pi, Mass Beta Chapter"}}, {"pk": 381, "model": "core.campusorg", "fields": {"website": "", "last_updated": "2011-05-03 12:27:42", "description": "", "image": "", "email": "", "date_created": "2011-05-03 12:27:42", "type": 1, "display": false, "name": "Tau Epsilon Phi"}}, {"pk": 382, "model": "core.campusorg", "fields": {"website": "", "last_updated": "2011-05-03 12:27:42", "description": "", "image": "", "email": "", "date_created": "2011-05-03 12:27:42", "type": 1, "display": false, "name": "Teatro Latino"}}, {"pk": 383, "model": "core.campusorg", "fields": {"website": "", "last_updated": "2011-05-03 12:27:42", "description": "", "image": "", "email": "", "date_created": "2011-05-03 12:27:42", "type": 1, "display": false, "name": "Tech Catholic Community"}}, {"pk": 384, "model": "core.campusorg", "fields": {"website": "", "last_updated": "2011-05-03 12:27:43", "description": "", "image": "", "email": "", "date_created": "2011-05-03 12:27:43", "type": 1, "display": false, "name": "Tech Model Railroad Club"}}, {"pk": 385, "model": "core.campusorg", "fields": {"website": "", "last_updated": "2011-05-03 12:27:43", "description": "", "image": "", "email": "", "date_created": "2011-05-03 12:27:43", "type": 1, "display": false, "name": "Tech Squares"}}, {"pk": 386, "model": "core.campusorg", "fields": {"website": "", "last_updated": "2011-05-03 12:27:43", "description": "", "image": "", "email": "", "date_created": "2011-05-03 12:27:43", "type": 1, "display": false, "name": "Tech, The"}}, {"pk": 387, "model": "core.campusorg", "fields": {"website": "", "last_updated": "2011-05-03 12:27:43", "description": "", "image": "", "email": "", "date_created": "2011-05-03 12:27:43", "type": 1, "display": false, "name": "TechFair"}}, {"pk": 388, "model": "core.campusorg", "fields": {"website": "", "last_updated": "2011-05-03 12:27:43", "description": "", "image": "", "email": "", "date_created": "2011-05-03 12:27:43", "type": 1, "display": false, "name": "Techiya"}}, {"pk": 389, "model": "core.campusorg", "fields": {"website": "", "last_updated": "2011-05-03 12:27:43", "description": "", "image": "", "email": "", "date_created": "2011-05-03 12:27:43", "type": 1, "display": false, "name": "TechLink"}}, {"pk": 390, "model": "core.campusorg", "fields": {"website": "", "last_updated": "2011-05-03 12:27:43", "description": "", "image": "", "email": "", "date_created": "2011-05-03 12:27:43", "type": 1, "display": false, "name": "Technique Yearbook"}}, {"pk": 391, "model": "core.campusorg", "fields": {"website": "", "last_updated": "2011-05-03 12:27:43", "description": "", "image": "", "email": "", "date_created": "2011-05-03 12:27:43", "type": 1, "display": false, "name": "Technology Policy Students Society"}}, {"pk": 392, "model": "core.campusorg", "fields": {"website": "", "last_updated": "2011-05-03 12:27:43", "description": "", "image": "", "email": "", "date_created": "2011-05-03 12:27:43", "type": 1, "display": false, "name": "Thai Students at MIT"}}, {"pk": 393, "model": "core.campusorg", "fields": {"website": "", "last_updated": "2011-05-03 12:27:43", "description": "", "image": "", "email": "", "date_created": "2011-05-03 12:27:43", "type": 1, "display": false, "name": "Toons"}}, {"pk": 394, "model": "core.campusorg", "fields": {"website": "", "last_updated": "2011-05-03 12:27:43", "description": "", "image": "", "email": "", "date_created": "2011-05-03 12:27:43", "type": 1, "display": false, "name": "Traders at MIT"}}, {"pk": 395, "model": "core.campusorg", "fields": {"website": "", "last_updated": "2011-05-03 12:27:43", "description": "", "image": "", "email": "", "date_created": "2011-05-03 12:27:43", "type": 1, "display": false, "name": "Traditional Medicine Society"}}, {"pk": 396, "model": "core.campusorg", "fields": {"website": "", "last_updated": "2011-05-03 12:27:43", "description": "", "image": "", "email": "", "date_created": "2011-05-03 12:27:43", "type": 1, "display": false, "name": "Transportation Club"}}, {"pk": 397, "model": "core.campusorg", "fields": {"website": "", "last_updated": "2011-05-03 12:27:43", "description": "", "image": "", "email": "", "date_created": "2011-05-03 12:27:43", "type": 1, "display": false, "name": "Triathlon Club"}}, {"pk": 398, "model": "core.campusorg", "fields": {"website": "", "last_updated": "2011-05-03 12:27:43", "description": "", "image": "", "email": "", "date_created": "2011-05-03 12:27:43", "type": 1, "display": false, "name": "Turkish Student Association"}}, {"pk": 399, "model": "core.campusorg", "fields": {"website": "", "last_updated": "2011-05-03 12:27:43", "description": "", "image": "", "email": "", "date_created": "2011-05-03 12:27:43", "type": 1, "display": false, "name": "UA Elections Commission"}}, {"pk": 400, "model": "core.campusorg", "fields": {"website": "", "last_updated": "2011-05-03 12:27:43", "description": "", "image": "", "email": "", "date_created": "2011-05-03 12:27:43", "type": 1, "display": false, "name": "UA Finance Board"}}, {"pk": 401, "model": "core.campusorg", "fields": {"website": "", "last_updated": "2011-05-03 12:27:43", "description": "", "image": "", "email": "", "date_created": "2011-05-03 12:27:43", "type": 1, "display": false, "name": "UHF Repeater Assn. W"}}, {"pk": 402, "model": "core.campusorg", "fields": {"website": "", "last_updated": "2011-05-03 12:27:43", "description": "", "image": "", "email": "", "date_created": "2011-05-03 12:27:43", "type": 1, "display": false, "name": "Ultimate Pick-Up"}}, {"pk": 403, "model": "core.campusorg", "fields": {"website": "http://ua.mit.edu/", "last_updated": "2011-05-03 12:27:43", "description": "We, the undergraduate students of the Massachusetts Institute of Technology (MIT), in order to improve the quality of our education, to provide ourselves with services which would otherwise not be provided, to express our views and represent ourselves before other groups whose decisions affect us, and to fairly and accountably allocate resources which have been granted to us as a whole, do create a central body unto which legislative, executive, judicial, and representative powers are conferred.", "image": "", "email": "ua@mit.edu", "date_created": "2011-05-03 12:27:43", "type": 10, "display": false, "name": "Undergraduate Association"}}, {"pk": 404, "model": "core.campusorg", "fields": {"website": "", "last_updated": "2011-05-03 12:27:43", "description": "", "image": "", "email": "", "date_created": "2011-05-03 12:27:43", "type": 1, "display": false, "name": "Undergraduate Biochemistry Association"}}, {"pk": 405, "model": "core.campusorg", "fields": {"website": "", "last_updated": "2011-05-03 12:27:43", "description": "", "image": "", "email": "", "date_created": "2011-05-03 12:27:43", "type": 1, "display": false, "name": "Undergraduate Economics Association"}}, {"pk": 406, "model": "core.campusorg", "fields": {"website": "", "last_updated": "2011-05-03 12:27:43", "description": "", "image": "", "email": "", "date_created": "2011-05-03 12:27:43", "type": 1, "display": false, "name": "Undergraduate LBGT Community"}}, {"pk": 407, "model": "core.campusorg", "fields": {"website": "", "last_updated": "2011-05-03 12:27:43", "description": "", "image": "", "email": "", "date_created": "2011-05-03 12:27:43", "type": 1, "display": false, "name": "Undergraduate Mathematics Association"}}, {"pk": 408, "model": "core.campusorg", "fields": {"website": "", "last_updated": "2011-05-03 12:27:43", "description": "", "image": "", "email": "", "date_created": "2011-05-03 12:27:43", "type": 1, "display": false, "name": "Undergraduate Research Journal"}}, {"pk": 409, "model": "core.campusorg", "fields": {"website": "", "last_updated": "2011-05-03 12:27:43", "description": "", "image": "", "email": "", "date_created": "2011-05-03 12:27:43", "type": 1, "display": false, "name": "Undergraduate Women in Physics"}}, {"pk": 410, "model": "core.campusorg", "fields": {"website": "", "last_updated": "2011-05-03 12:27:43", "description": "", "image": "", "email": "", "date_created": "2011-05-03 12:27:43", "type": 1, "display": false, "name": "Underwater Hockey Club"}}, {"pk": 411, "model": "core.campusorg", "fields": {"website": "", "last_updated": "2011-05-03 12:27:43", "description": "", "image": "", "email": "", "date_created": "2011-05-03 12:27:43", "type": 1, "display": false, "name": "Unite for Sight"}}, {"pk": 412, "model": "core.campusorg", "fields": {"website": "", "last_updated": "2011-05-03 12:27:43", "description": "", "image": "", "email": "", "date_created": "2011-05-03 12:27:43", "type": 1, "display": false, "name": "Vegan and Vegetarian Society"}}, {"pk": 413, "model": "core.campusorg", "fields": {"website": "", "last_updated": "2011-05-03 12:27:43", "description": "", "image": "", "email": "", "date_created": "2011-05-03 12:27:43", "type": 1, "display": false, "name": "Venezuelan Students Association at MIT"}}, {"pk": 414, "model": "core.campusorg", "fields": {"website": "", "last_updated": "2011-05-03 12:27:43", "description": "", "image": "", "email": "", "date_created": "2011-05-03 12:27:43", "type": 1, "display": false, "name": "Victory Campus Ministries"}}, {"pk": 415, "model": "core.campusorg", "fields": {"website": "", "last_updated": "2011-05-03 12:27:43", "description": "", "image": "", "email": "", "date_created": "2011-05-03 12:27:43", "type": 1, "display": false, "name": "Vietnamese Students"}}, {"pk": 416, "model": "core.campusorg", "fields": {"website": "", "last_updated": "2011-05-03 12:27:43", "description": "", "image": "", "email": "", "date_created": "2011-05-03 12:27:43", "type": 1, "display": false, "name": "Visual Language Consortium"}}, {"pk": 417, "model": "core.campusorg", "fields": {"website": "http://web.mit.edu/voodoo/www/voodoo.html", "last_updated": "2011-07-06 06:36:15", "description": "MIT's only intentionally humorous campus publication.  Since 1919.", "image": "", "email": "", "date_created": "2011-05-03 12:27:43", "type": 8, "display": false, "name": "Voo Doo Magazine"}}, {"pk": 418, "model": "core.campusorg", "fields": {"website": "", "last_updated": "2011-07-06 06:34:41", "description": "", "image": "", "email": "", "date_created": "2011-05-03 12:27:43", "type": 7, "display": false, "name": "Warehouse Apartments, The"}}, {"pk": 419, "model": "core.campusorg", "fields": {"website": "", "last_updated": "2011-07-06 06:33:41", "description": "", "image": "", "email": "", "date_created": "2011-05-03 12:27:43", "type": 8, "display": false, "name": "Western Hemisphere Project"}}, {"pk": 420, "model": "core.campusorg", "fields": {"website": "", "last_updated": "2011-07-06 06:33:08", "description": "", "image": "", "email": "", "date_created": "2011-05-03 12:27:43", "type": 7, "display": false, "name": "Westgate Community Association"}}, {"pk": 421, "model": "core.campusorg", "fields": {"website": "", "last_updated": "2011-07-06 06:32:57", "description": "", "image": "", "email": "", "date_created": "2011-05-03 12:27:43", "type": 1, "display": false, "name": "WHOI Student Organiz"}}, {"pk": 422, "model": "core.campusorg", "fields": {"website": "", "last_updated": "2011-07-06 06:31:33", "description": "", "image": "", "email": "", "date_created": "2011-05-03 12:27:43", "type": 8, "display": false, "name": "Wind Energy Projects in Action"}}, {"pk": 423, "model": "core.campusorg", "fields": {"website": "", "last_updated": "2011-07-06 06:00:58", "description": "", "image": "", "email": "", "date_created": "2011-05-03 12:27:43", "type": 8, "display": false, "name": "WMBR Radio"}}, {"pk": 424, "model": "core.campusorg", "fields": {"website": "", "last_updated": "2011-07-06 06:00:42", "description": "", "image": "", "email": "", "date_created": "2011-05-03 12:27:43", "type": 11, "display": false, "name": "Women's Gymnastics Club"}}, {"pk": 425, "model": "core.campusorg", "fields": {"website": "", "last_updated": "2011-07-06 06:00:32", "description": "", "image": "", "email": "", "date_created": "2011-05-03 12:27:43", "type": 11, "display": false, "name": "Women's Ice Hockey Club"}}, {"pk": 426, "model": "core.campusorg", "fields": {"website": "", "last_updated": "2011-07-06 06:00:22", "description": "", "image": "", "email": "", "date_created": "2011-05-03 12:27:43", "type": 8, "display": false, "name": "Women's Initiative"}}, {"pk": 427, "model": "core.campusorg", "fields": {"website": "", "last_updated": "2011-07-06 06:00:06", "description": "", "image": "", "email": "", "date_created": "2011-05-03 12:27:43", "type": 11, "display": false, "name": "Women's Rugby Club"}}, {"pk": 428, "model": "core.campusorg", "fields": {"website": "", "last_updated": "2011-07-06 06:00:00", "description": "", "image": "", "email": "", "date_created": "2011-05-03 12:27:43", "type": 11, "display": false, "name": "Women's Ultimate Fri"}}, {"pk": 429, "model": "core.campusorg", "fields": {"website": "", "last_updated": "2011-07-06 05:59:52", "description": "", "image": "", "email": "", "date_created": "2011-05-03 12:27:43", "type": 11, "display": false, "name": "Women's Volleyball Club"}}, {"pk": 430, "model": "core.campusorg", "fields": {"website": "", "last_updated": "2011-07-06 05:59:46", "description": "", "image": "", "email": "", "date_created": "2011-05-03 12:27:43", "type": 11, "display": false, "name": "Women's Water Polo"}}, {"pk": 431, "model": "core.campusorg", "fields": {"website": "", "last_updated": "2011-07-06 05:59:39", "description": "", "image": "", "email": "", "date_created": "2011-05-03 12:27:43", "type": 11, "display": false, "name": "Wrestling Club"}}, {"pk": 432, "model": "core.campusorg", "fields": {"website": "", "last_updated": "2011-07-06 05:59:32", "description": "", "image": "", "email": "", "date_created": "2011-05-03 12:27:43", "type": 12, "display": false, "name": "Yan Xin Life Science and Tech Association"}}, {"pk": 1, "model": "core.industry", "fields": {"date_created": "2011-05-03 12:27:34", "last_updated": "2011-05-03 12:27:34", "name": "Architecture/Urban Planning"}}, {"pk": 2, "model": "core.industry", "fields": {"date_created": "2011-05-03 12:27:34", "last_updated": "2011-05-03 12:27:34", "name": "Automotive/Transportation Equip."}}, {"pk": 3, "model": "core.industry", "fields": {"date_created": "2011-05-03 12:27:34", "last_updated": "2011-05-03 12:27:34", "name": "Aviation/Aerospace"}}, {"pk": 4, "model": "core.industry", "fields": {"date_created": "2011-05-03 12:27:34", "last_updated": "2011-05-03 12:27:34", "name": "Biotech & Pharmaceuticals"}}, {"pk": 6, "model": "core.industry", "fields": {"date_created": "2011-05-03 12:27:34", "last_updated": "2011-05-03 12:27:34", "name": "Chemicals"}}, {"pk": 7, "model": "core.industry", "fields": {"date_created": "2011-05-03 12:27:34", "last_updated": "2011-05-03 12:27:34", "name": "Commercial Banking"}}, {"pk": 40, "model": "core.industry", "fields": {"date_created": "2011-07-06 18:46:16", "last_updated": "2011-07-06 18:46:16", "name": "Trading - Algorithmic & Proprietary "}}, {"pk": 41, "model": "core.industry", "fields": {"date_created": "2011-07-06 18:47:13", "last_updated": "2011-07-06 18:47:13", "name": "Private Equity"}}, {"pk": 11, "model": "core.industry", "fields": {"date_created": "2011-05-03 12:27:34", "last_updated": "2011-05-03 12:27:34", "name": "Education"}}, {"pk": 12, "model": "core.industry", "fields": {"date_created": "2011-05-03 12:27:34", "last_updated": "2011-05-03 12:27:34", "name": "Energy"}}, {"pk": 13, "model": "core.industry", "fields": {"date_created": "2011-05-03 12:27:34", "last_updated": "2011-05-03 12:27:34", "name": "Engineering"}}, {"pk": 14, "model": "core.industry", "fields": {"date_created": "2011-05-03 12:27:34", "last_updated": "2011-05-03 12:27:34", "name": "Entertainment"}}, {"pk": 15, "model": "core.industry", "fields": {"date_created": "2011-05-03 12:27:34", "last_updated": "2011-05-03 12:27:34", "name": "Entrepreneurial/Start-Ups"}}, {"pk": 43, "model": "core.industry", "fields": {"date_created": "2011-07-06 18:47:58", "last_updated": "2011-07-06 18:47:58", "name": "Investment Research"}}, {"pk": 17, "model": "core.industry", "fields": {"date_created": "2011-05-03 12:27:34", "last_updated": "2011-05-03 12:27:34", "name": "Government/Public Administration"}}, {"pk": 18, "model": "core.industry", "fields": {"date_created": "2011-05-03 12:27:34", "last_updated": "2011-05-03 12:27:34", "name": "Healthcare"}}, {"pk": 19, "model": "core.industry", "fields": {"date_created": "2011-05-03 12:27:34", "last_updated": "2011-07-06 18:47:06", "name": "Hedge Funds"}}, {"pk": 20, "model": "core.industry", "fields": {"date_created": "2011-05-03 12:27:34", "last_updated": "2011-05-03 12:27:34", "name": "Information Technology"}}, {"pk": 38, "model": "core.industry", "fields": {"date_created": "2011-07-06 18:44:33", "last_updated": "2011-07-06 18:44:33", "name": "Consulting - Other"}}, {"pk": 37, "model": "core.industry", "fields": {"date_created": "2011-07-06 18:44:24", "last_updated": "2011-07-06 18:44:24", "name": "Consulting - Management"}}, {"pk": 24, "model": "core.industry", "fields": {"date_created": "2011-05-03 12:27:34", "last_updated": "2011-05-03 12:27:34", "name": "Insurance"}}, {"pk": 25, "model": "core.industry", "fields": {"date_created": "2011-05-03 12:27:34", "last_updated": "2011-05-03 12:27:34", "name": "International Affairs & Development"}}, {"pk": 36, "model": "core.industry", "fields": {"date_created": "2011-07-06 18:44:12", "last_updated": "2011-07-06 18:44:12", "name": "Software Development"}}, {"pk": 27, "model": "core.industry", "fields": {"date_created": "2011-05-03 12:27:34", "last_updated": "2011-07-06 18:44:54", "name": "Investment Banking"}}, {"pk": 28, "model": "core.industry", "fields": {"date_created": "2011-05-03 12:27:34", "last_updated": "2011-05-03 12:27:34", "name": "Investment Management"}}, {"pk": 29, "model": "core.industry", "fields": {"date_created": "2011-05-03 12:27:34", "last_updated": "2011-05-03 12:27:34", "name": "Natural Resources"}}, {"pk": 30, "model": "core.industry", "fields": {"date_created": "2011-05-03 12:27:34", "last_updated": "2011-05-03 12:27:34", "name": "Non-Profit/Philanthropy"}}, {"pk": 31, "model": "core.industry", "fields": {"date_created": "2011-05-03 12:27:34", "last_updated": "2011-07-06 19:17:51", "name": "Petroleum"}}, {"pk": 32, "model": "core.industry", "fields": {"date_created": "2011-05-03 12:27:34", "last_updated": "2011-05-03 12:27:34", "name": "Print & Publishing"}}, {"pk": 33, "model": "core.industry", "fields": {"date_created": "2011-05-03 12:27:34", "last_updated": "2011-05-03 12:27:34", "name": "Real Estate"}}, {"pk": 34, "model": "core.industry", "fields": {"date_created": "2011-05-03 12:27:34", "last_updated": "2011-05-03 12:27:34", "name": "Sales & Trading"}}, {"pk": 35, "model": "core.industry", "fields": {"date_created": "2011-05-03 12:27:34", "last_updated": "2011-05-03 12:27:34", "name": "Utilities"}}, {"pk": 42, "model": "core.industry", "fields": {"date_created": "2011-07-06 18:47:19", "last_updated": "2011-07-06 18:47:19", "name": "Venture Capital"}}, {"pk": 1, "model": "core.eventtype", "fields": {"date_created": "2011-05-03 12:27:43", "last_updated": "2011-05-03 12:27:43", "name": "Info Session"}}, {"pk": 2, "model": "core.eventtype", "fields": {"date_created": "2011-05-03 12:27:43", "last_updated": "2011-05-03 12:27:43", "name": "Deadline"}}, {"pk": 3, "model": "core.eventtype", "fields": {"date_created": "2011-05-03 12:27:43", "last_updated": "2011-05-03 12:27:43", "name": "Panel"}}, {"pk": 4, "model": "core.eventtype", "fields": {"date_created": "2011-05-03 12:27:43", "last_updated": "2011-05-03 12:27:43", "name": "Case Study"}}, {"pk": 5, "model": "core.eventtype", "fields": {"date_created": "2011-05-03 12:27:43", "last_updated": "2011-05-03 12:27:43", "name": "Presentation"}}, {"pk": 6, "model": "core.eventtype", "fields": {"date_created": "2011-05-03 12:27:43", "last_updated": "2011-05-03 12:27:43", "name": "Workshop"}}, {"pk": 7, "model": "core.eventtype", "fields": {"date_created": "2011-05-03 12:27:43", "last_updated": "2011-05-03 12:27:43", "name": "Seminar"}}, {"pk": 8, "model": "core.eventtype", "fields": {"date_created": "2011-05-03 12:27:43", "last_updated": "2011-05-03 12:27:43", "name": "Conference"}}, {"pk": 9, "model": "core.eventtype", "fields": {"date_created": "2011-05-03 12:27:43", "last_updated": "2011-05-03 12:27:43", "name": "Networking"}}]