[
 {
  "pk": 5, 
  "model": "employer.employerstatistics", 
  "fields": {
   "date_created": "2011-08-27 12:24:42", 
   "last_updated": "2011-08-27 12:24:42", 
   "resumes_viewed": 0, 
   "employer": 6
  }
 }, 
 {
  "pk": 3, 
  "model": "employer.employerstatistics", 
  "fields": {
   "date_created": "2011-07-08 00:08:02", 
   "last_updated": "2011-07-08 00:08:02", 
   "resumes_viewed": 0, 
   "employer": 4
  }
 }, 
 {
  "pk": 4, 
  "model": "employer.employerstatistics", 
  "fields": {
   "date_created": "2011-07-08 00:09:24", 
   "last_updated": "2011-07-08 00:09:24", 
   "resumes_viewed": 0, 
   "employer": 5
  }
 }, 
 {
  "pk": 6, 
  "model": "employer.employerstatistics", 
  "fields": {
   "date_created": "2011-08-28 13:02:48", 
   "last_updated": "2011-08-28 13:02:48", 
   "resumes_viewed": 0, 
   "employer": 7
  }
 }, 
 {
  "pk": 7, 
  "model": "employer.employerstatistics", 
  "fields": {
   "date_created": "2011-08-28 13:11:28", 
   "last_updated": "2011-08-28 13:11:28", 
   "resumes_viewed": 0, 
   "employer": 8
  }
 }, 
 {
  "pk": 8, 
  "model": "employer.employerstatistics", 
  "fields": {
   "date_created": "2011-08-28 13:25:56", 
   "last_updated": "2011-08-28 13:25:56", 
   "resumes_viewed": 0, 
   "employer": 9
  }
 }, 
 {
  "pk": 9, 
  "model": "employer.employerstatistics", 
  "fields": {
   "date_created": "2011-08-28 15:13:21", 
   "last_updated": "2011-08-28 15:13:21", 
   "resumes_viewed": 0, 
   "employer": 10
  }
 }, 
 {
  "pk": 10, 
  "model": "employer.employerstatistics", 
  "fields": {
   "date_created": "2011-08-28 15:20:38", 
   "last_updated": "2011-08-28 15:20:38", 
   "resumes_viewed": 0, 
   "employer": 11
  }
 }, 
 {
  "pk": 11, 
  "model": "employer.employerstatistics", 
  "fields": {
   "date_created": "2011-08-28 15:31:37", 
   "last_updated": "2011-08-28 15:31:37", 
   "resumes_viewed": 0, 
   "employer": 12
  }
 }, 
 {
  "pk": 12, 
  "model": "employer.employerstatistics", 
  "fields": {
   "date_created": "2011-08-28 15:58:02", 
   "last_updated": "2011-08-28 15:58:02", 
   "resumes_viewed": 0, 
   "employer": 13
  }
 }, 
 {
  "pk": 13, 
  "model": "employer.employerstatistics", 
  "fields": {
   "date_created": "2011-08-28 16:02:51", 
   "last_updated": "2011-08-28 16:02:51", 
   "resumes_viewed": 0, 
   "employer": 14
  }
 }, 
 {
  "pk": 1, 
  "model": "employer.recruiter", 
  "fields": {
   "is_master": false, 
   "date_created": "2011-07-08 00:11:22", 
   "last_updated": "2011-08-27 16:16:32", 
   "user": 3, 
   "employer": 6
  }
 }, 
 {
  "pk": 2, 
  "model": "employer.recruiter", 
  "fields": {
   "is_master": false, 
   "date_created": "2011-07-08 00:11:33", 
   "last_updated": "2011-08-27 16:16:25", 
   "user": 8, 
   "employer": 5
  }
 }, 
 {
  "pk": 7, 
  "model": "employer.recruiter", 
  "fields": {
   "is_master": false, 
   "date_created": "2011-08-27 16:18:31", 
   "last_updated": "2011-08-27 16:18:31", 
   "user": 9, 
   "employer": 5
  }
 }, 
 {
  "pk": 6, 
  "model": "employer.recruiter", 
  "fields": {
   "is_master": false, 
   "date_created": "2011-08-27 16:18:23", 
   "last_updated": "2011-08-27 16:18:23", 
   "user": 16, 
   "employer": 5
  }
 }, 
 {
  "pk": 5, 
  "model": "employer.recruiter", 
  "fields": {
   "is_master": false, 
   "date_created": "2011-07-08 00:12:22", 
   "last_updated": "2011-07-19 00:03:51", 
   "user": 11, 
   "employer": 4
  }
 }, 
 {
  "pk": 8, 
  "model": "employer.recruiter", 
  "fields": {
   "is_master": false, 
   "date_created": "2011-08-27 16:18:41", 
   "last_updated": "2011-08-27 16:18:41", 
   "user": 10, 
   "employer": 4
  }
 }, 
 {
  "pk": 1, 
  "model": "employer.resumebook", 
  "fields": {
   "last_updated": "2011-08-26 15:32:01", 
   "name": null, 
   "students": [
    1, 
    2
   ], 
   "recruiter": 1, 
   "resume_book": "", 
   "date_created": "2011-08-26 15:32:01"
  }
 }, 
 {
  "pk": 2, 
  "model": "employer.resumebook", 
  "fields": {
   "last_updated": "2011-08-27 17:06:03", 
   "name": null, 
   "students": [], 
   "recruiter": 6, 
   "resume_book": "", 
   "date_created": "2011-08-27 17:06:03"
  }
 }, 
 {
  "pk": 1, 
  "model": "employer.employerstudentcomment", 
  "fields": {
   "comment": "", 
   "date_created": "2011-07-20 17:50:49", 
   "last_updated": "2011-07-20 17:50:49", 
   "student": 1, 
   "employer": 5
  }
 }, 
 {
  "pk": 2, 
  "model": "employer.employerstudentcomment", 
  "fields": {
   "comment": "", 
   "date_created": "2011-07-20 17:50:49", 
   "last_updated": "2011-07-20 17:50:49", 
   "student": 2, 
   "employer": 5
  }
 }, 
 {
  "pk": 3, 
  "model": "employer.employerstudentcomment", 
  "fields": {
   "comment": "", 
   "date_created": "2011-07-20 17:50:49", 
   "last_updated": "2011-07-20 17:50:49", 
   "student": 3, 
   "employer": 5
  }
 }, 
 {
  "pk": 4, 
  "model": "employer.employerstudentcomment", 
  "fields": {
   "comment": "", 
   "date_created": "2011-07-20 17:50:49", 
   "last_updated": "2011-07-20 17:50:49", 
   "student": 4, 
   "employer": 5
  }
 }, 
 {
  "pk": 5, 
  "model": "employer.employerstudentcomment", 
  "fields": {
   "comment": "", 
   "date_created": "2011-07-23 12:49:12", 
   "last_updated": "2011-07-23 12:49:12", 
   "student": 5, 
   "employer": 5
  }
 }, 
 {
  "pk": 6, 
  "model": "employer.employerstudentcomment", 
  "fields": {
   "comment": "", 
   "date_created": "2011-08-27 16:20:39", 
   "last_updated": "2011-08-27 16:20:39", 
   "student": 1, 
   "employer": 6
  }
 }, 
 {
  "pk": 7, 
  "model": "employer.employerstudentcomment", 
  "fields": {
   "comment": "", 
   "date_created": "2011-08-27 16:20:39", 
   "last_updated": "2011-08-27 16:20:39", 
   "student": 2, 
   "employer": 6
  }
 }, 
 {
  "pk": 8, 
  "model": "employer.employerstudentcomment", 
  "fields": {
   "comment": "", 
   "date_created": "2011-08-27 16:20:39", 
   "last_updated": "2011-08-27 16:20:39", 
   "student": 3, 
   "employer": 6
  }
 }, 
 {
  "pk": 9, 
  "model": "employer.employerstudentcomment", 
  "fields": {
   "comment": "", 
   "date_created": "2011-08-27 16:20:39", 
   "last_updated": "2011-08-27 16:20:39", 
   "student": 4, 
   "employer": 6
  }
 }, 
 {
  "pk": 10, 
  "model": "employer.employerstudentcomment", 
  "fields": {
   "comment": "", 
   "date_created": "2011-08-27 16:20:39", 
   "last_updated": "2011-08-27 16:20:39", 
   "student": 5, 
   "employer": 6
  }
 }, 
 {
  "pk": 1, 
  "model": "employer.recruiterpreferences", 
  "fields": {
   "email_on_rsvp_to_public_event": false, 
   "last_updated": "2011-07-29 23:39:45", 
   "recruiter": 1, 
   "email_on_rsvp_to_private_event": false, 
   "date_created": "2011-07-08 00:11:22", 
   "default_student_result_ordering": "relevancy", 
   "default_student_results_per_page": 100
  }
 }, 
 {
  "pk": 2, 
  "model": "employer.recruiterpreferences", 
  "fields": {
   "email_on_rsvp_to_public_event": false, 
   "last_updated": "2011-07-08 00:11:33", 
   "recruiter": 2, 
   "email_on_rsvp_to_private_event": false, 
   "date_created": "2011-07-08 00:11:33", 
   "default_student_result_ordering": "relevancy", 
   "default_student_results_per_page": 10
  }
 }, 
 {
  "pk": 7, 
  "model": "employer.recruiterpreferences", 
  "fields": {
   "email_on_rsvp_to_public_event": false, 
   "last_updated": "2011-08-27 16:18:31", 
   "recruiter": 7, 
   "email_on_rsvp_to_private_event": false, 
   "date_created": "2011-08-27 16:18:31", 
   "default_student_result_ordering": "relevancy", 
   "default_student_results_per_page": 10
  }
 }, 
 {
  "pk": 6, 
  "model": "employer.recruiterpreferences", 
  "fields": {
   "email_on_rsvp_to_public_event": false, 
   "last_updated": "2011-08-27 16:18:23", 
   "recruiter": 6, 
   "email_on_rsvp_to_private_event": false, 
   "date_created": "2011-08-27 16:18:23", 
   "default_student_result_ordering": "relevancy", 
   "default_student_results_per_page": 10
  }
 }, 
 {
  "pk": 5, 
  "model": "employer.recruiterpreferences", 
  "fields": {
   "email_on_rsvp_to_public_event": false, 
   "last_updated": "2011-07-08 00:12:22", 
   "recruiter": 5, 
   "email_on_rsvp_to_private_event": false, 
   "date_created": "2011-07-08 00:12:22", 
   "default_student_result_ordering": "relevancy", 
   "default_student_results_per_page": 10
  }
 }, 
 {
  "pk": 8, 
  "model": "employer.recruiterpreferences", 
  "fields": {
   "email_on_rsvp_to_public_event": false, 
   "last_updated": "2011-08-27 16:18:41", 
   "recruiter": 8, 
   "email_on_rsvp_to_private_event": false, 
   "date_created": "2011-08-27 16:18:41", 
   "default_student_result_ordering": "relevancy", 
   "default_student_results_per_page": 10
  }
 }, 
 {
  "pk": 1, 
  "model": "employer.recruiterstatistics", 
  "fields": {
   "date_created": "2011-07-08 00:11:22", 
   "recruiter": 1, 
   "last_updated": "2011-07-08 00:11:22", 
   "resumes_viewed": 0
  }
 }, 
 {
  "pk": 2, 
  "model": "employer.recruiterstatistics", 
  "fields": {
   "date_created": "2011-07-08 00:11:33", 
   "recruiter": 2, 
   "last_updated": "2011-07-08 00:11:33", 
   "resumes_viewed": 0
  }
 }, 
 {
  "pk": 7, 
  "model": "employer.recruiterstatistics", 
  "fields": {
   "date_created": "2011-08-27 16:18:31", 
   "recruiter": 7, 
   "last_updated": "2011-08-27 16:18:31", 
   "resumes_viewed": 0
  }
 }, 
 {
  "pk": 6, 
  "model": "employer.recruiterstatistics", 
  "fields": {
   "date_created": "2011-08-27 16:18:23", 
   "recruiter": 6, 
   "last_updated": "2011-08-27 16:18:23", 
   "resumes_viewed": 0
  }
 }, 
 {
  "pk": 5, 
  "model": "employer.recruiterstatistics", 
  "fields": {
   "date_created": "2011-07-08 00:12:22", 
   "recruiter": 5, 
   "last_updated": "2011-07-08 00:12:22", 
   "resumes_viewed": 0
  }
 }, 
 {
  "pk": 8, 
  "model": "employer.recruiterstatistics", 
  "fields": {
   "date_created": "2011-08-27 16:18:41", 
   "recruiter": 8, 
   "last_updated": "2011-08-27 16:18:41", 
   "resumes_viewed": 0
  }
 }, 
 {
  "pk": 1, 
  "model": "student.student", 
  "fields": {
   "last_name": "Petters", 
   "last_updated": "2011-09-06 05:15:27", 
   "sat_m": 800, 
   "graduation_month": "4", 
   "older_than_21": "Y", 
   "sat_t": 2310, 
   "sat_v": 770, 
   "sat_w": 740, 
   "keywords": " dmitrij petters memorial cambridge phone dpetters mit edu education massachusetts institute technology gpa bachelor computer electrical engineering mathematics cambridge sep math physic awards parsons brinkerhoff national scholarship sparling scholarship bellevue rotary club scholarship recipient relevant coursework software construction digital communication systems intro algorithms computation structures bellevue college gpa supplemented curriculum associate engineering transfer distinction bellevue sep jun susquehanna international technology intern bala cynwyd jun hadoop cluster dozen windows nodes currently using mrjob workflows structured unstructured data goal performance mapreduce tasks traditional implementations running existing condor setup python bash scripts nightly caches condor cluster nodes using mysql data logged daily workflows athena research software engineer extern york jan feb created risk graphing utility used trader data simulate activity transfer into cache graph exposure limits versus used highcharts extjs pion networking boost libraries backend extjs plugin export gridpanels its subclasses csv xls thomson reuters software development intern eagan jun aug worked member website vertical fixed priority bugs developed features attended planning meetings developed data mining script used extract pertinent info tens thousands logs added automated entry into flagship westlawnext akamai pinging servers rbm technologies software engineer extern cambridge jan feb developed ruby rails mobile visual merchandising manager app retail workers digital pictures fixtures upload textures onto respective models programmed automated rml based report using rml pdf conversion library summarized advertising campaigns cellular firms verizon mobile mit agelab undergraduate researcher cambridge oct combined pil ffmpeg video overlay showed driving simulation video looking given proof concept project driver selections visually activities leadership umeqo com founder developer cambridge feb launching recruiting resource students employers september beta available parties july developed initial foundation site collaborating zach dearing joshua github traders mit exec cambridge nov oct developing otc trading client used trading simulation annual traders mit competition november mit bhs outdoor indoor varsity runner cambridge aug bellevue improvement previous skills interests technical java python django javascript jquery extjs css latex minor bash batch languages fluent russian interests ted talks poker hockey entrepreneurship", 
   "looking_for": [
    2, 
    4
   ], 
   "countries_of_citizenship": [
    "LV"
   ], 
   "first_name": "Dmitrij", 
   "first_major": 31, 
   "subscriptions": [
    10, 
    14, 
    5, 
    6
   ], 
   "gpa": "4.800", 
   "campus_involvement": [
    394
   ], 
   "languages": [], 
   "profile_created": true, 
   "school_year": 3, 
   "graduation_year": 2, 
   "previous_employers": [
    5, 
    4
   ], 
   "website": "", 
   "second_major": 8, 
   "resume": "student/student/petters_dmitrij_student1@umeqo.com_2011-09-06-05-15-27.pdf", 
   "user": 2, 
   "industries_of_interest": [
    15, 
    36, 
    40
   ], 
   "act": 34, 
   "date_created": "2011-07-07 20:30:03"
  }
 }, 
 {
  "pk": 2, 
  "model": "student.student", 
  "fields": {
   "last_name": "Joshi", 
   "last_updated": "2011-09-06 05:15:19", 
   "sat_m": null, 
   "graduation_month": "4", 
   "older_than_21": "Y", 
   "sat_t": null, 
   "sat_v": null, 
   "sat_w": null, 
   "keywords": " university address hrishikesh joshi address vassar hjoshi mit edu inwood cambridge woburn education massachusetts institute technology mit cambridge candidate computer mathematics june gpa minors economics management plano senior plano gpa rank june research laboratory nuclear department physics mit cambridge undergraduate researcher detection jan used ccd camera data statistical analysis detector images sources background alpha particle radiation detector used unix operating latex emacs data analysis department biology university texas dallas richardson research intern june july studied crucial role rna editing mitochondrial gene expression physarum polycephalum methods used centrifugation gel electrophoresis polymerase chain reaction dna rna priming amplification techniques southern blot nucleotide sequencing software etc plano independent researcher aug mar implemented awards leadership texas youth honor society vice president secretary aug skeptical society founder vice president aug computer aug winner annual hewlett packard competition computer uil president uil programming examinations ranked texas mathematics aug mar american invitational mathematics examination qualifier ranked interests theory prime distribution riemann functions etc aug mar texas qualifier prize winner dallas regional contestants discovery scientist challenge semi finalist skills technical python java latex gnu emacs microsoft windows foreign languages fluent hindi marathi years french", 
   "looking_for": [
    2, 
    4
   ], 
   "countries_of_citizenship": [
    "IN"
   ], 
   "first_name": "Hrishikesh", 
   "first_major": 12, 
   "subscriptions": [], 
   "gpa": "4.500", 
   "campus_involvement": [
    394
   ], 
   "languages": [
    3, 
    84
   ], 
   "profile_created": true, 
   "school_year": 3, 
   "graduation_year": 2, 
   "previous_employers": [
    4
   ], 
   "website": "", 
   "second_major": 25, 
   "resume": "student/student/joshi_hrishikesh_student2@umeqo.com_2011-09-06-05-15-19.pdf", 
   "user": 4, 
   "industries_of_interest": [
    40
   ], 
   "act": null, 
   "date_created": "2011-07-10 15:25:30"
  }
 }, 
 {
  "pk": 3, 
  "model": "student.student", 
  "fields": {
   "last_name": "Kao", 
   "last_updated": "2011-09-06 05:15:09", 
   "sat_m": null, 
   "graduation_month": "4", 
   "older_than_21": "Y", 
   "sat_t": null, 
   "sat_v": null, 
   "sat_w": null, 
   "keywords": " address albert kao address memorial alkao mit edu wisteria hong qiao cambridge shanghai china education massachusetts institute technology cambridge expected graduation candidate chemical biological engineering minor management gpa relevant coursework differential equations microeconomics organic chemistry thermodynamics kinetics introduction chemical engineering disease society america american ethical conflicts political choices phillips exeter academy exeter graduated cum laude june mit belcher lab cambridge june undergraduate researcher worked belcher lab biologically catalyzed sequestration remove convert carbonate minerals implemented lab techniques amplifying cloning vectors yeast created matlab simulations theoretical values carbonate precipitation compiled data experiments presented data lab audience mit mechanical engineering lab cambridge february june undergraduate researcher worked graduate correlations different snps neurological diseases plots manhattan plots compiled analyzed amount categorical data hua shan hospital shanghai china intern translated patient information chinese speaking doctors attended patients per deloitte touche tohmatsu shanghai china august intern helped translate accounting training materials chinese english created communication optimized interactions within skills fluent oral mandarin proficient matlab competent excel powerpoint leadership phi beta epsilon fraternity cambridge october treasurer solely responsible residence including recruiting fifty responsible transactions including payments vendors taxes contract negotiation chef payment collection sixty members organized financial files filing locating documents efficient kesem counselor merrowvista march cared parents cancer helped attending chinese club cambridge january secretary compiled events into calendar semester helped publicize events mit assisted organizing annual banquet attracts around activities sloan undergraduate management association eagle scout basketball troupe mit undergraduate opportunities program mit leadershape", 
   "looking_for": [], 
   "countries_of_citizenship": [], 
   "first_name": "Albert", 
   "first_major": 7, 
   "subscriptions": [], 
   "gpa": "4.800", 
   "campus_involvement": [], 
   "languages": [], 
   "profile_created": true, 
   "school_year": 4, 
   "graduation_year": 1, 
   "previous_employers": [], 
   "website": "", 
   "second_major": 4, 
   "resume": "student/student/kao_albert_student3@umeqo.com_2011-09-06-05-15-09.pdf", 
   "user": 5, 
   "industries_of_interest": [], 
   "act": null, 
   "date_created": "2011-07-10 20:05:56"
  }
 }, 
 {
  "pk": 4, 
  "model": "student.student", 
  "fields": {
   "last_name": "Hsu", 
   "last_updated": "2011-09-06 05:14:53", 
   "sat_m": 800, 
   "graduation_month": "4", 
   "older_than_21": "Y", 
   "sat_t": 2330, 
   "sat_v": 780, 
   "sat_w": 750, 
   "keywords": " terencehsuuniversityaddress memorialdrive cambridge homeaddress leestreet brookline terenceh mit edueducationmassachusettsinstituteoftechnologycambridge macandidateforas inmathematicswithcomputerscienceexpectedgraduation june candidateforas inmanagementsciencegpa candidateforaminorineconomicscourseworkinmathematics calculusi linearalgebra probabilityandrandomvariables principlesofappliedmathematicscourseworkinfinance microeconomics macroeconomics financetheoryi managementcommunicationbuckinghambrowne nicholsschoolcambridge madiplomawithhonorsgpa wsep june leadership peertutorpresidentcommunityserviceclubpresidentorchestraconcertmasterexperiencerackemann sawyer brewsterboston malitigationinternsummer servedasaresearchspecialistforthelitigationdepartment focusingontwomainprojectswithregardstocommercialrealestatelitigation firstprojectinvolvedaccountingoftaxesanddeedsofanestateinnantucket workinvolvedonlineresearch collectingdocumentsfromcourthouses aswellascompilingadatabase secondprojectwasavaluationofpropertyholdingsofparkinggaragesinboston theanalysisprimarilycalledformodelingcashwsoftheoperation natixixprivateequityasialimited npea beijing chinaanalystsummer dutiesforgrowthcapitalconcentratedonindustryresearchandanalysisfortwodevelopingdeals withsecondarygoalonmaintainingdeal investeedatabases aswellasmodelingantsystemformonitoringandupdatingmovementontheshenzhenandsouthkoreanexchanges taskedbydealteamtoresearchthefertilizerandcolorizedfertilizerbagindustryinchina regardingnpea sprospectivesyntheticmaterialscompany analysisfocusedonexportpotential overseasregulations andcompetitiveanglesagainstindianmanufacturersandrivalchinesecompanies underseconddealteam analyzedr dpotentialforansuppliesmanufacturerforapremiumbrand nameamericancompany afterresearch gainedperspectiveonmanyexportingchinesemanufacturers commonfailuretoestablishbrandrecognitionbeyondtheimportingbrandnamesandworkedwithdealteamtoconsultinvesteeonhowtoestablishindependencebeyondtheo leadershipandactivitiesphibetaepsilonfraternity activebrother presenterships pledgesocialchairfall literarychairfall sloanundergraduatemanagementassocation boardmember presentasajuniorprojectmanager primarygoalistoplannetworkingexclusivesforbusiness mindedmitstudents importantaspectofevent planningcallsforforgingandmaintainingcrucialsponsorsandsupportamongcompaniesinterestedincultivatingstudents interestinthevariousindustriesinmitresonanceacapella assistantdirector presentresponsiblesolelyforthemusicalaspectanddirectionofthegroup whichcallsforleadingtrainingexercises choosingconcertsetlists reviewingandapprovingarrangements conductingprivateteachingsessions andusingownmusicalinsightandexperiencetoleadthegrouptotopperformancequality volunteerwork tenacity tennisinstructor graham parksschool tutor awardsandhonorshighschoolawards cumlaudesocietymember ncitationofhonorsrecipient nationalapscholarwinner musicawards harvardmusicalassociationawardsgrandprize piano mtnanationalcompositioncompetitionthirdplace mtnanortheastcompositioncompetitionfirstplace mmtastatepianocompetitionpodiumwinner skillsandinterestsprogramming pythonhtmlmatlablatexsoftware excelmicrosoftadobephotoshopadobedreamweaveridleforeignlanguages englishcantonese conversational french advanced mandarin advanced generalinterests pianoviolincompositionsingingtenniscyclingscubadiving", 
   "looking_for": [], 
   "countries_of_citizenship": [], 
   "first_name": "Terence", 
   "first_major": 25, 
   "subscriptions": [], 
   "gpa": "4.400", 
   "campus_involvement": [], 
   "languages": [], 
   "profile_created": true, 
   "school_year": 3, 
   "graduation_year": 2, 
   "previous_employers": [], 
   "website": "", 
   "second_major": 23, 
   "resume": "student/student/hsu_terence_student4@umeqo.com_2011-09-06-05-14-53.pdf", 
   "user": 6, 
   "industries_of_interest": [], 
   "act": null, 
   "date_created": "2011-07-10 20:26:02"
  }
 }, 
 {
  "pk": 5, 
  "model": "student.student", 
  "fields": {
   "last_name": "Dearing", 
   "last_updated": "2011-09-06 05:14:41", 
   "sat_m": null, 
   "graduation_month": "4", 
   "older_than_21": null, 
   "sat_t": null, 
   "sat_v": null, 
   "sat_w": null, 
   "keywords": " zachary dearing campus address hereford boston tel email zdearing mit edu address waverly dallas education massachusetts institute technology june gpa candidate bachelor economics political cambridge relevant coursework principles microeconomics macroeconomics intermediate macroeconomics finance theory accounting statistical economics multivariable calculus episcopal dallas gpa dallas salutatorian national scholar national merit semi finalist goldman sachs financial analyst securities york worked structuring project exploring arbitrage opportunities pricing mortgage backed securities underlying collateral analyzed publicly traded cap undervalued warrant being taken private communication media advisors consulting analyst boutique consulting investment management firm boston staffed due diligence project investment evaluating cable markets southern modeled future revenue streams operating costs growth opportunities based upon trends demographics worked founding partner construct predictive models compendium standard poors development intern technical specialist york developed application manage virtual machines approximately global users application integrating vmware esx servers active directory windows instrumentation management organizing meetings deliverables managing streams application production mccurley orsinger mccurley nelson downing intern administration dallas assisted legal teams preparation investigating witnesses constructing examination questions managed opening accounts thorough evaluating banks handling interactions assisting cash management charged tracking accounts ensure deposit levels maintained maverick financial analyst intern operations hedge fund accounting dallas august parsed information consolidated fund prospectus easier senior traders compiled positions performance data facilitate its quantitative analysis project maintained item fixed asset register supported excel based spreadsheet analysis united states senate washington january june facilitated voting procedure ensuring senators voted informed issue being decided upon provided logistical senators staff assisting needs senate chamber pcs founder owner computer assembly business dallas july september founded total revenue built sold custom computers customers designed website application crm spec custom computers online quotes leadership committee publicity committee member cambridge shared responsibility marketing production mit brass rat committee publicity efforts events combined budget attendance sloan undergraduate management association suma director corporate relations associate cambridge organized mba panel representatives harvard sloan etc secured sponsorship kaplan mit underclassmen giving campaign cambridge october devised innovative fundraising strategy leading fund service trips abroad participation rate interests skills java asp net php javascript html marathon running golf politics architecture chi phi", 
   "looking_for": [], 
   "countries_of_citizenship": [], 
   "first_name": "Zachary", 
   "first_major": 14, 
   "subscriptions": [], 
   "gpa": "4.700", 
   "campus_involvement": [], 
   "languages": [], 
   "profile_created": true, 
   "school_year": 4, 
   "graduation_year": 1, 
   "previous_employers": [], 
   "website": "", 
   "second_major": null, 
   "resume": "student/student/dearing_zachary_student5@umeqo.com_2011-09-06-05-14-41.pdf", 
   "user": 7, 
   "industries_of_interest": [], 
   "act": null, 
   "date_created": "2011-07-23 10:53:54"
  }
 }, 
 {
  "pk": 1, 
  "model": "student.studentpreferences", 
  "fields": {
   "email_on_new_subscribed_employer_event": true, 
   "last_updated": "2011-08-16 23:29:42", 
   "email_on_invite_to_private_event": true, 
   "email_on_invite_to_public_event": true, 
   "student": 1, 
   "date_created": "2011-07-07 20:30:03"
  }
 }, 
 {
  "pk": 2, 
  "model": "student.studentpreferences", 
  "fields": {
   "email_on_new_subscribed_employer_event": false, 
   "last_updated": "2011-07-10 15:25:30", 
   "email_on_invite_to_private_event": false, 
   "email_on_invite_to_public_event": false, 
   "student": 2, 
   "date_created": "2011-07-10 15:25:30"
  }
 }, 
 {
  "pk": 3, 
  "model": "student.studentpreferences", 
  "fields": {
   "email_on_new_subscribed_employer_event": false, 
   "last_updated": "2011-07-10 20:05:56", 
   "email_on_invite_to_private_event": false, 
   "email_on_invite_to_public_event": false, 
   "student": 3, 
   "date_created": "2011-07-10 20:05:56"
  }
 }, 
 {
  "pk": 4, 
  "model": "student.studentpreferences", 
  "fields": {
   "email_on_new_subscribed_employer_event": false, 
   "last_updated": "2011-07-10 20:26:02", 
   "email_on_invite_to_private_event": false, 
   "email_on_invite_to_public_event": false, 
   "student": 4, 
   "date_created": "2011-07-10 20:26:02"
  }
 }, 
 {
  "pk": 5, 
  "model": "student.studentpreferences", 
  "fields": {
   "email_on_new_subscribed_employer_event": false, 
   "last_updated": "2011-07-23 10:53:54", 
   "email_on_invite_to_private_event": false, 
   "email_on_invite_to_public_event": false, 
   "student": 5, 
   "date_created": "2011-07-23 10:53:54"
  }
 }, 
 {
  "pk": 1, 
  "model": "student.studentstatistics", 
  "fields": {
   "shown_in_results_count": 0, 
   "last_updated": "2011-07-07 20:30:03", 
   "event_invite_count": 0, 
   "resume_view_count": 0, 
   "add_to_resumebook_count": 0, 
   "student": 1, 
   "date_created": "2011-07-07 20:30:03"
  }
 }, 
 {
  "pk": 2, 
  "model": "student.studentstatistics", 
  "fields": {
   "shown_in_results_count": 0, 
   "last_updated": "2011-07-10 15:25:30", 
   "event_invite_count": 0, 
   "resume_view_count": 0, 
   "add_to_resumebook_count": 0, 
   "student": 2, 
   "date_created": "2011-07-10 15:25:30"
  }
 }, 
 {
  "pk": 3, 
  "model": "student.studentstatistics", 
  "fields": {
   "shown_in_results_count": 0, 
   "last_updated": "2011-07-10 20:05:56", 
   "event_invite_count": 0, 
   "resume_view_count": 0, 
   "add_to_resumebook_count": 0, 
   "student": 3, 
   "date_created": "2011-07-10 20:05:56"
  }
 }, 
 {
  "pk": 4, 
  "model": "student.studentstatistics", 
  "fields": {
   "shown_in_results_count": 0, 
   "last_updated": "2011-07-10 20:26:02", 
   "event_invite_count": 0, 
   "resume_view_count": 0, 
   "add_to_resumebook_count": 0, 
   "student": 4, 
   "date_created": "2011-07-10 20:26:02"
  }
 }, 
 {
  "pk": 5, 
  "model": "student.studentstatistics", 
  "fields": {
   "shown_in_results_count": 0, 
   "last_updated": "2011-07-23 10:53:54", 
   "event_invite_count": 0, 
   "resume_view_count": 0, 
   "add_to_resumebook_count": 0, 
   "student": 5, 
   "date_created": "2011-07-23 10:53:54"
  }
 }, 
 {
  "pk": 1, 
  "model": "student.studentinvite", 
  "fields": {
   "date_created": "2011-08-27 20:32:03", 
   "code": "WVZoaWxarhhE", 
   "last_updated": "2011-08-27 20:32:03", 
   "used": false
  }
 }, 
 {
  "pk": 2, 
  "model": "student.studentinvite", 
  "fields": {
   "date_created": "2011-08-27 20:32:03", 
   "code": "22qWYKHzgzl5", 
   "last_updated": "2011-08-27 20:32:03", 
   "used": false
  }
 }, 
 {
  "pk": 3, 
  "model": "student.studentinvite", 
  "fields": {
   "date_created": "2011-08-27 20:32:03", 
   "code": "r5aI4h24wAiw", 
   "last_updated": "2011-08-27 20:32:03", 
   "used": false
  }
 }, 
 {
  "pk": 4, 
  "model": "student.studentinvite", 
  "fields": {
   "date_created": "2011-08-27 20:32:03", 
   "code": "hu7LQJR6W8pr", 
   "last_updated": "2011-08-27 20:32:03", 
   "used": false
  }
 }, 
 {
  "pk": 5, 
  "model": "student.studentinvite", 
  "fields": {
   "date_created": "2011-08-27 20:32:05", 
   "code": "GenBua2lXZ3e", 
   "last_updated": "2011-08-27 21:47:13", 
   "used": true
  }
 }, 
 {
  "pk": 6, 
  "model": "student.studentinvite", 
  "fields": {
   "date_created": "2011-08-27 20:32:05", 
   "code": "lCV9iHdKBZLn", 
   "last_updated": "2011-08-27 20:32:05", 
   "used": false
  }
 }, 
 {
  "pk": 7, 
  "model": "student.studentinvite", 
  "fields": {
   "date_created": "2011-08-27 20:32:05", 
   "code": "ZiLQq9l90NNH", 
   "last_updated": "2011-08-27 20:32:05", 
   "used": false
  }
 }, 
 {
  "pk": 8, 
  "model": "student.studentinvite", 
  "fields": {
   "date_created": "2011-08-27 20:32:05", 
   "code": "G1bXrqzzMF9d", 
   "last_updated": "2011-08-27 20:32:05", 
   "used": false
  }
 }, 
 {
  "pk": 9, 
  "model": "student.studentinvite", 
  "fields": {
   "date_created": "2011-08-27 20:32:07", 
   "code": "vjegfX9pfAWs", 
   "last_updated": "2011-08-27 20:32:07", 
   "used": false
  }
 }, 
 {
  "pk": 10, 
  "model": "student.studentinvite", 
  "fields": {
   "date_created": "2011-08-27 20:32:07", 
   "code": "OYTORzzQe6xA", 
   "last_updated": "2011-08-27 20:32:07", 
   "used": false
  }
 }, 
 {
  "pk": 11, 
  "model": "student.studentinvite", 
  "fields": {
   "date_created": "2011-08-27 20:32:07", 
   "code": "6FoCaiP9geZl", 
   "last_updated": "2011-08-27 20:32:07", 
   "used": false
  }
 }, 
 {
  "pk": 12, 
  "model": "student.studentinvite", 
  "fields": {
   "date_created": "2011-08-27 20:32:07", 
   "code": "7zG0dFVq7qaj", 
   "last_updated": "2011-08-27 20:32:07", 
   "used": false
  }
 }, 
 {
  "pk": 13, 
  "model": "student.studentinvite", 
  "fields": {
   "date_created": "2011-08-27 20:33:17", 
   "code": "SBorAFY9Ve8J", 
   "last_updated": "2011-08-27 20:33:17", 
   "used": false
  }
 }, 
 {
  "pk": 14, 
  "model": "student.studentinvite", 
  "fields": {
   "date_created": "2011-08-27 20:33:17", 
   "code": "VzUXz77dSaPM", 
   "last_updated": "2011-08-27 20:33:17", 
   "used": false
  }
 }, 
 {
  "pk": 15, 
  "model": "student.studentinvite", 
  "fields": {
   "date_created": "2011-08-27 20:33:17", 
   "code": "GRAmhepCtkaF", 
   "last_updated": "2011-08-27 20:33:17", 
   "used": false
  }
 }, 
 {
  "pk": 16, 
  "model": "student.studentinvite", 
  "fields": {
   "date_created": "2011-08-27 20:33:17", 
   "code": "MQITeXJqbj5x", 
   "last_updated": "2011-08-27 20:33:17", 
   "used": false
  }
 }, 
 {
  "pk": 17, 
  "model": "student.studentinvite", 
  "fields": {
   "date_created": "2011-08-27 20:33:19", 
   "code": "Vo6yoRtELmsx", 
   "last_updated": "2011-08-27 20:33:19", 
   "used": false
  }
 }, 
 {
  "pk": 18, 
  "model": "student.studentinvite", 
  "fields": {
   "date_created": "2011-08-27 20:33:19", 
   "code": "QOVZvRus7tFr", 
   "last_updated": "2011-08-27 20:33:19", 
   "used": false
  }
 }, 
 {
  "pk": 19, 
  "model": "student.studentinvite", 
  "fields": {
   "date_created": "2011-08-27 20:33:19", 
   "code": "QGFIetEdSsUu", 
   "last_updated": "2011-08-27 20:33:19", 
   "used": false
  }
 }, 
 {
  "pk": 20, 
  "model": "student.studentinvite", 
  "fields": {
   "date_created": "2011-08-27 20:33:19", 
   "code": "FgwDcvV0kqTj", 
   "last_updated": "2011-08-27 20:33:19", 
   "used": false
  }
 }, 
 {
  "pk": 21, 
  "model": "student.studentinvite", 
  "fields": {
   "date_created": "2011-08-27 20:33:21", 
   "code": "s1mwRKWZZ39x", 
   "last_updated": "2011-08-27 20:34:58", 
   "used": true
  }
 }, 
 {
  "pk": 22, 
  "model": "student.studentinvite", 
  "fields": {
   "date_created": "2011-08-27 20:33:21", 
   "code": "EpQSFjFfTZnV", 
   "last_updated": "2011-08-27 20:33:21", 
   "used": false
  }
 }, 
 {
  "pk": 23, 
  "model": "student.studentinvite", 
  "fields": {
   "date_created": "2011-08-27 20:33:21", 
   "code": "XD33wxMhecP5", 
   "last_updated": "2011-08-27 20:33:21", 
   "used": false
  }
 }, 
 {
  "pk": 24, 
  "model": "student.studentinvite", 
  "fields": {
   "date_created": "2011-08-27 20:33:21", 
   "code": "Xdhe1ja4PnD0", 
   "last_updated": "2011-08-27 20:33:21", 
   "used": false
  }
 }, 
 {
  "pk": 25, 
  "model": "student.studentinvite", 
  "fields": {
   "date_created": "2011-08-27 20:42:27", 
   "code": "NmPjgU9j6bte", 
   "last_updated": "2011-08-27 20:42:27", 
   "used": false
  }
 }, 
 {
  "pk": 26, 
  "model": "student.studentinvite", 
  "fields": {
   "date_created": "2011-08-27 20:42:27", 
   "code": "dgYs982tddgh", 
   "last_updated": "2011-08-27 20:42:27", 
   "used": false
  }
 }, 
 {
  "pk": 27, 
  "model": "student.studentinvite", 
  "fields": {
   "date_created": "2011-08-27 20:42:27", 
   "code": "fj3eV9Nk9n2j", 
   "last_updated": "2011-08-27 20:42:27", 
   "used": false
  }
 }, 
 {
  "pk": 28, 
  "model": "student.studentinvite", 
  "fields": {
   "date_created": "2011-08-27 20:42:27", 
   "code": "F6ehO6xRsebt", 
   "last_updated": "2011-08-29 01:53:33", 
   "used": true
  }
 }, 
 {
  "pk": 29, 
  "model": "student.studentinvite", 
  "fields": {
   "date_created": "2011-08-27 20:42:28", 
   "code": "NnrUKI3wWBzp", 
   "last_updated": "2011-08-27 20:42:28", 
   "used": false
  }
 }, 
 {
  "pk": 30, 
  "model": "student.studentinvite", 
  "fields": {
   "date_created": "2011-08-27 20:42:28", 
   "code": "NPumNF6A5r2L", 
   "last_updated": "2011-08-27 20:42:28", 
   "used": false
  }
 }, 
 {
  "pk": 31, 
  "model": "student.studentinvite", 
  "fields": {
   "date_created": "2011-08-27 20:42:28", 
   "code": "3IvxSk10Jnj3", 
   "last_updated": "2011-08-29 01:00:57", 
   "used": true
  }
 }, 
 {
  "pk": 32, 
  "model": "student.studentinvite", 
  "fields": {
   "date_created": "2011-08-27 20:42:28", 
   "code": "46nLafBZRx52", 
   "last_updated": "2011-08-29 01:46:43", 
   "used": true
  }
 }, 
 {
  "pk": 33, 
  "model": "student.studentinvite", 
  "fields": {
   "date_created": "2011-08-27 20:42:30", 
   "code": "cUGOdV8cTkaK", 
   "last_updated": "2011-08-27 20:42:30", 
   "used": false
  }
 }, 
 {
  "pk": 34, 
  "model": "student.studentinvite", 
  "fields": {
   "date_created": "2011-08-27 20:42:30", 
   "code": "R19UorCApz1P", 
   "last_updated": "2011-08-27 20:42:30", 
   "used": false
  }
 }, 
 {
  "pk": 35, 
  "model": "student.studentinvite", 
  "fields": {
   "date_created": "2011-08-27 20:42:30", 
   "code": "yMs3Ih2JFNMe", 
   "last_updated": "2011-08-27 20:42:30", 
   "used": false
  }
 }, 
 {
  "pk": 36, 
  "model": "student.studentinvite", 
  "fields": {
   "date_created": "2011-08-27 20:42:30", 
   "code": "1vjLY8YcZI4W", 
   "last_updated": "2011-08-30 14:38:11", 
   "used": true
  }
 }, 
 {
  "pk": 1, 
  "model": "auth.user", 
  "fields": {
   "username": "root", 
   "first_name": "", 
   "last_name": "", 
   "is_active": true, 
   "is_superuser": true, 
   "is_staff": true, 
   "last_login": "2011-09-04 13:45:26", 
   "groups": [], 
   "user_permissions": [], 
   "password": "sha1$a84d8$7be712b49d307b765fefaf8377ae8fb4765590e3", 
   "email": "", 
   "date_joined": "2011-05-22 19:39:52"
  }
 }, 
 {
  "pk": 2, 
  "model": "auth.user", 
  "fields": {
   "username": "student1@umeqo.com", 
   "first_name": "Dmitrij", 
   "last_name": "Petters", 
   "is_active": true, 
   "is_superuser": false, 
   "is_staff": false, 
   "last_login": "2011-09-06 08:33:22", 
   "groups": [], 
   "user_permissions": [], 
   "password": "sha1$caddb$5acae38f0241ef6f3134f30edb27eaa3040420c0", 
   "email": "student1@umeqo.com", 
   "date_joined": "2011-07-07 20:22:36"
  }
 }, 
 {
  "pk": 3, 
  "model": "auth.user", 
  "fields": {
   "username": "potter@umeqo.com", 
   "first_name": "Harry", 
   "last_name": "Potter", 
   "is_active": true, 
   "is_superuser": false, 
   "is_staff": false, 
   "last_login": "2011-09-06 08:32:48", 
   "groups": [], 
   "user_permissions": [], 
   "password": "sha1$268ed$a939ecfdc0c9920d048c3bd5ef7bde253764742b", 
   "email": "potter@umeqo.com", 
   "date_joined": "2011-07-07 22:03:05"
  }
 }, 
 {
  "pk": 4, 
  "model": "auth.user", 
  "fields": {
   "username": "student2@umeqo.com", 
   "first_name": "Hrishikesh", 
   "last_name": "Joshi", 
   "is_active": true, 
   "is_superuser": false, 
   "is_staff": false, 
   "last_login": "2011-08-23 21:01:00", 
   "groups": [], 
   "user_permissions": [], 
   "password": "sha1$700c1$f3e9a729d56257e9983b8d03016c8ed1efd30350", 
   "email": "student2@umeqo.com", 
   "date_joined": "2011-07-07 23:56:00"
  }
 }, 
 {
  "pk": 5, 
  "model": "auth.user", 
  "fields": {
   "username": "student3@umeqo.com", 
   "first_name": "Albert", 
   "last_name": "Kao", 
   "is_active": true, 
   "is_superuser": false, 
   "is_staff": false, 
   "last_login": "2011-08-23 21:01:15", 
   "groups": [], 
   "user_permissions": [], 
   "password": "sha1$9a5b4$bb54c8d442d35f36e2c61256d313f5c001d59ab9", 
   "email": "student3@umeqo.com", 
   "date_joined": "2011-07-07 23:56:53"
  }
 }, 
 {
  "pk": 6, 
  "model": "auth.user", 
  "fields": {
   "username": "student4@umeqo.com", 
   "first_name": "Terence", 
   "last_name": "Hsu", 
   "is_active": true, 
   "is_superuser": false, 
   "is_staff": false, 
   "last_login": "2011-08-23 21:01:38", 
   "groups": [], 
   "user_permissions": [], 
   "password": "sha1$619a8$3fa6b73dfcdaf0c14e82262cc4f8e92633087334", 
   "email": "student4@umeqo.com", 
   "date_joined": "2011-07-07 23:57:16"
  }
 }, 
 {
  "pk": 7, 
  "model": "auth.user", 
  "fields": {
   "username": "student5@umeqo.com", 
   "first_name": "", 
   "last_name": "", 
   "is_active": true, 
   "is_superuser": false, 
   "is_staff": false, 
   "last_login": "2011-08-23 21:01:59", 
   "groups": [], 
   "user_permissions": [], 
   "password": "sha1$9c07a$fd3f12380a532976c6795f2e9e2dc24c0a890eb6", 
   "email": "student5@umeqo.com", 
   "date_joined": "2011-07-07 23:57:41"
  }
 }, 
 {
  "pk": 8, 
  "model": "auth.user", 
  "fields": {
   "username": "recruiter2@umeqo.com", 
   "first_name": "Gina", 
   "last_name": "Vaglia", 
   "is_active": true, 
   "is_superuser": false, 
   "is_staff": false, 
   "last_login": "2011-07-07 23:58:54", 
   "groups": [], 
   "user_permissions": [], 
   "password": "sha1$61e36$b819d1d44669c747e5409867e63acabdd1880fc6", 
   "email": "recruiter2@umeqo.com", 
   "date_joined": "2011-07-07 23:58:54"
  }
 }, 
 {
  "pk": 9, 
  "model": "auth.user", 
  "fields": {
   "username": "recruiter3@umeqo.com", 
   "first_name": "Liz", 
   "last_name": "Floyd", 
   "is_active": true, 
   "is_superuser": false, 
   "is_staff": false, 
   "last_login": "2011-07-08 00:01:46", 
   "groups": [], 
   "user_permissions": [], 
   "password": "sha1$63457$85cfca7c5856bf37f22fbeafe90a6f3db8e078b5", 
   "email": "recruiter3@umeqo.com", 
   "date_joined": "2011-07-08 00:01:46"
  }
 }, 
 {
  "pk": 10, 
  "model": "auth.user", 
  "fields": {
   "username": "recruiter4@umeqo.com", 
   "first_name": "Katelyn", 
   "last_name": "O'Hare", 
   "is_active": true, 
   "is_superuser": false, 
   "is_staff": false, 
   "last_login": "2011-07-08 00:02:30", 
   "groups": [], 
   "user_permissions": [], 
   "password": "sha1$ce488$8b5a0a8c5364d11a9a10402e2adfc21c6bb5510b", 
   "email": "recruiter4@umeqo.com", 
   "date_joined": "2011-07-08 00:02:30"
  }
 }, 
 {
  "pk": 11, 
  "model": "auth.user", 
  "fields": {
   "username": "recruiter5@umeqo.com", 
   "first_name": "Jason", 
   "last_name": "Mccoy", 
   "is_active": true, 
   "is_superuser": false, 
   "is_staff": false, 
   "last_login": "2011-07-08 00:03:38", 
   "groups": [], 
   "user_permissions": [], 
   "password": "sha1$c9085$fa1e329ecfc71f17bbbe078050f00d475730bdba", 
   "email": "recruiter5@umeqo.com", 
   "date_joined": "2011-07-08 00:03:38"
  }
 }, 
 {
  "pk": 16, 
  "model": "auth.user", 
  "fields": {
   "username": "recruiter1@umeqo.com", 
   "first_name": "", 
   "last_name": "", 
   "is_active": true, 
   "is_superuser": false, 
   "is_staff": false, 
   "last_login": "2011-08-28 16:20:52", 
   "groups": [], 
   "user_permissions": [], 
   "password": "sha1$11937$7c2e28d42ddde8dd88fb3306fac9da66c505e8e0", 
   "email": "recruiter1@umeqo.com", 
   "date_joined": "2011-08-27 16:17:29"
  }
 }, 
 {
  "pk": 26, 
  "model": "auth.user", 
  "fields": {
   "username": "sbc-exec@mit.edu", 
   "first_name": "", 
   "last_name": "", 
   "is_active": true, 
   "is_superuser": false, 
   "is_staff": false, 
   "last_login": "2011-09-02 21:49:05", 
   "groups": [], 
   "user_permissions": [], 
   "password": "sha1$9a360$c25f0c73ce04edec98c6b6ca62807dcfcc6f3736", 
   "email": "sbc-exec@mit.edu", 
   "date_joined": "2011-09-01 02:25:42"
  }
 }, 
 {
  "pk": 1, 
  "model": "registration.userattributes", 
  "fields": {
   "is_verified": true, 
   "user": 2, 
   "last_password_change_date": null
  }
 }, 
 {
  "pk": 2, 
  "model": "registration.userattributes", 
  "fields": {
   "is_verified": true, 
   "user": 3, 
   "last_password_change_date": null
  }
 }, 
 {
  "pk": 3, 
  "model": "registration.userattributes", 
  "fields": {
   "is_verified": true, 
   "user": 4, 
   "last_password_change_date": null
  }
 }, 
 {
  "pk": 4, 
  "model": "registration.userattributes", 
  "fields": {
   "is_verified": true, 
   "user": 5, 
   "last_password_change_date": null
  }
 }, 
 {
  "pk": 5, 
  "model": "registration.userattributes", 
  "fields": {
   "is_verified": true, 
   "user": 6, 
   "last_password_change_date": null
  }
 }, 
 {
  "pk": 6, 
  "model": "registration.userattributes", 
  "fields": {
   "is_verified": true, 
   "user": 7, 
   "last_password_change_date": null
  }
 }, 
 {
  "pk": 7, 
  "model": "registration.userattributes", 
  "fields": {
   "is_verified": true, 
   "user": 8, 
   "last_password_change_date": null
  }
 }, 
 {
  "pk": 8, 
  "model": "registration.userattributes", 
  "fields": {
   "is_verified": true, 
   "user": 9, 
   "last_password_change_date": null
  }
 }, 
 {
  "pk": 9, 
  "model": "registration.userattributes", 
  "fields": {
   "is_verified": true, 
   "user": 10, 
   "last_password_change_date": null
  }
 }, 
 {
  "pk": 10, 
  "model": "registration.userattributes", 
  "fields": {
   "is_verified": true, 
   "user": 11, 
   "last_password_change_date": null
  }
 }, 
 {
  "pk": 15, 
  "model": "registration.userattributes", 
  "fields": {
   "is_verified": false, 
   "user": 16, 
   "last_password_change_date": null
  }
 }, 
 {
  "pk": 25, 
  "model": "registration.userattributes", 
  "fields": {
   "is_verified": true, 
   "user": 26, 
   "last_password_change_date": null
  }
 }, 
 {
  "pk": 1, 
  "model": "registration.sessionkey", 
  "fields": {
   "date_created": "2011-07-19 00:04:01", 
   "session_key": "f1bc1edc3627163f7f61a0b28ca17ff3", 
   "last_updated": "2011-07-19 08:00:19", 
   "user": 1
  }
 }, 
 {
  "pk": 2, 
  "model": "registration.sessionkey", 
  "fields": {
   "date_created": "2011-07-19 00:47:33", 
   "session_key": "0aa4c5d1961ce23fe1fab8f47b43e9a1", 
   "last_updated": "2011-07-19 08:00:19", 
   "user": 3
  }
 }, 
 {
  "pk": 3, 
  "model": "registration.sessionkey", 
  "fields": {
   "date_created": "2011-07-19 01:27:22", 
   "session_key": "ab8c9109f1f587ae1599c3d176e48b38", 
   "last_updated": "2011-07-19 08:00:19", 
   "user": 1
  }
 }, 
 {
  "pk": 4, 
  "model": "registration.sessionkey", 
  "fields": {
   "date_created": "2011-07-19 01:30:00", 
   "session_key": "1d35e1c42e315a607d19c082a73b0343", 
   "last_updated": "2011-07-19 08:00:19", 
   "user": 3
  }
 }, 
 {
  "pk": 5, 
  "model": "registration.sessionkey", 
  "fields": {
   "date_created": "2011-07-19 01:32:44", 
   "session_key": "d70e314f35b14e201b485fabd5069a27", 
   "last_updated": "2011-07-19 08:00:19", 
   "user": 3
  }
 }, 
 {
  "pk": 6, 
  "model": "registration.sessionkey", 
  "fields": {
   "date_created": "2011-07-19 01:37:22", 
   "session_key": "5d97450d31e836b1accffed13bfc7e1b", 
   "last_updated": "2011-07-19 08:00:19", 
   "user": 1
  }
 }, 
 {
  "pk": 7, 
  "model": "registration.sessionkey", 
  "fields": {
   "date_created": "2011-07-19 13:14:01", 
   "session_key": "b8d039d3c98d9ff8a9db72a94f920aa9", 
   "last_updated": "2011-07-19 08:00:19", 
   "user": 3
  }
 }, 
 {
  "pk": 8, 
  "model": "registration.sessionkey", 
  "fields": {
   "date_created": "2011-07-19 22:24:17", 
   "session_key": "cfc3a5e2cec91e214e69826e831d51dc", 
   "last_updated": "2011-07-19 08:00:19", 
   "user": 3
  }
 }, 
 {
  "pk": 9, 
  "model": "registration.sessionkey", 
  "fields": {
   "date_created": "2011-07-20 17:50:30", 
   "session_key": "f4a3754b7f6fa0d17fe8e10745ef5dd1", 
   "last_updated": "2011-07-20 17:50:30", 
   "user": 3
  }
 }, 
 {
  "pk": 13, 
  "model": "registration.sessionkey", 
  "fields": {
   "date_created": "2011-07-21 07:18:10", 
   "session_key": "d71562650e7e1d31a5c8c10359b4dea0", 
   "last_updated": "2011-07-21 07:18:10", 
   "user": 1
  }
 }, 
 {
  "pk": 16, 
  "model": "registration.sessionkey", 
  "fields": {
   "date_created": "2011-07-23 10:48:13", 
   "session_key": "183d9e80061c6151a3a1ac65fc87c6dd", 
   "last_updated": "2011-07-23 10:48:13", 
   "user": 1
  }
 }, 
 {
  "pk": 17, 
  "model": "registration.sessionkey", 
  "fields": {
   "date_created": "2011-07-23 10:53:22", 
   "session_key": "797e428ba693b925adaf99ba85efcf97", 
   "last_updated": "2011-07-23 10:53:22", 
   "user": 7
  }
 }, 
 {
  "pk": 18, 
  "model": "registration.sessionkey", 
  "fields": {
   "date_created": "2011-07-23 10:53:33", 
   "session_key": "1126133215bb44e19607b0a75316fa86", 
   "last_updated": "2011-07-23 10:53:33", 
   "user": 1
  }
 }, 
 {
  "pk": 22, 
  "model": "registration.sessionkey", 
  "fields": {
   "date_created": "2011-07-23 12:49:06", 
   "session_key": "493615a1eacc328270e0edb5bb4fb40e", 
   "last_updated": "2011-07-23 12:49:06", 
   "user": 3
  }
 }, 
 {
  "pk": 24, 
  "model": "registration.sessionkey", 
  "fields": {
   "date_created": "2011-07-23 14:53:12", 
   "session_key": "5bbdd5af50b1dafecdeae692b2eefc0c", 
   "last_updated": "2011-07-23 14:53:12", 
   "user": 3
  }
 }, 
 {
  "pk": 36, 
  "model": "registration.sessionkey", 
  "fields": {
   "date_created": "2011-07-24 10:31:21", 
   "session_key": "bfdfc73e1d063b6e2ae66bf5a6fe21c4", 
   "last_updated": "2011-07-24 10:31:21", 
   "user": 7
  }
 }, 
 {
  "pk": 38, 
  "model": "registration.sessionkey", 
  "fields": {
   "date_created": "2011-07-24 11:11:05", 
   "session_key": "a11b3faad39258f1077d35ad23716d40", 
   "last_updated": "2011-07-24 11:11:05", 
   "user": 1
  }
 }, 
 {
  "pk": 39, 
  "model": "registration.sessionkey", 
  "fields": {
   "date_created": "2011-07-24 13:50:36", 
   "session_key": "d70c3bcb9d7e7ee182ffbd56fccae6a2", 
   "last_updated": "2011-07-24 13:50:36", 
   "user": 1
  }
 }, 
 {
  "pk": 40, 
  "model": "registration.sessionkey", 
  "fields": {
   "date_created": "2011-07-24 15:08:00", 
   "session_key": "d2208eb48ea82941f4a1c9d64b77d943", 
   "last_updated": "2011-07-24 15:08:00", 
   "user": 3
  }
 }, 
 {
  "pk": 41, 
  "model": "registration.sessionkey", 
  "fields": {
   "date_created": "2011-07-24 15:08:46", 
   "session_key": "553cb1e4a9bc227292fa632864a35539", 
   "last_updated": "2011-07-24 15:08:46", 
   "user": 3
  }
 }, 
 {
  "pk": 43, 
  "model": "registration.sessionkey", 
  "fields": {
   "date_created": "2011-07-24 16:07:54", 
   "session_key": "687043cbde3b2856828f805359966c7f", 
   "last_updated": "2011-07-24 16:07:54", 
   "user": 1
  }
 }, 
 {
  "pk": 44, 
  "model": "registration.sessionkey", 
  "fields": {
   "date_created": "2011-07-24 16:47:18", 
   "session_key": "2387e17d48c5a3e31379562807394cef", 
   "last_updated": "2011-07-24 16:47:18", 
   "user": 1
  }
 }, 
 {
  "pk": 45, 
  "model": "registration.sessionkey", 
  "fields": {
   "date_created": "2011-07-24 21:01:04", 
   "session_key": "af1a9fd4205ef52bbc514816737bdd0b", 
   "last_updated": "2011-07-24 21:01:04", 
   "user": 1
  }
 }, 
 {
  "pk": 49, 
  "model": "registration.sessionkey", 
  "fields": {
   "date_created": "2011-07-24 22:02:15", 
   "session_key": "32a10b77c23874c6ed6f00f080b08670", 
   "last_updated": "2011-07-24 22:02:15", 
   "user": 1
  }
 }, 
 {
  "pk": 63, 
  "model": "registration.sessionkey", 
  "fields": {
   "date_created": "2011-07-25 07:30:19", 
   "session_key": "6d29442548acf3c2b05b4751691f0781", 
   "last_updated": "2011-07-25 07:30:19", 
   "user": 3
  }
 }, 
 {
  "pk": 64, 
  "model": "registration.sessionkey", 
  "fields": {
   "date_created": "2011-07-25 07:30:31", 
   "session_key": "6d29442548acf3c2b05b4751691f0781", 
   "last_updated": "2011-07-25 07:30:31", 
   "user": 3
  }
 }, 
 {
  "pk": 65, 
  "model": "registration.sessionkey", 
  "fields": {
   "date_created": "2011-07-25 12:26:39", 
   "session_key": "b4b66354dd78e964dca7543f26beae33", 
   "last_updated": "2011-07-25 12:26:39", 
   "user": 1
  }
 }, 
 {
  "pk": 67, 
  "model": "registration.sessionkey", 
  "fields": {
   "date_created": "2011-07-25 23:21:00", 
   "session_key": "4252549638142bc50f91c5b2c553062b", 
   "last_updated": "2011-07-25 23:21:00", 
   "user": 1
  }
 }, 
 {
  "pk": 68, 
  "model": "registration.sessionkey", 
  "fields": {
   "date_created": "2011-07-25 23:59:54", 
   "session_key": "ca72da816a2392a8f02f208eb6c3e96f", 
   "last_updated": "2011-07-25 23:59:54", 
   "user": 3
  }
 }, 
 {
  "pk": 71, 
  "model": "registration.sessionkey", 
  "fields": {
   "date_created": "2011-07-26 00:23:32", 
   "session_key": "c14a149821711efe87e71327def34800", 
   "last_updated": "2011-07-26 00:23:32", 
   "user": 1
  }
 }, 
 {
  "pk": 72, 
  "model": "registration.sessionkey", 
  "fields": {
   "date_created": "2011-07-26 00:30:22", 
   "session_key": "960aec8db804224ec86ae58f4a8658e2", 
   "last_updated": "2011-07-26 00:30:22", 
   "user": 1
  }
 }, 
 {
  "pk": 73, 
  "model": "registration.sessionkey", 
  "fields": {
   "date_created": "2011-07-26 07:29:47", 
   "session_key": "dbe520f3221108a71a0fd234c7e94fcc", 
   "last_updated": "2011-07-26 07:29:47", 
   "user": 3
  }
 }, 
 {
  "pk": 74, 
  "model": "registration.sessionkey", 
  "fields": {
   "date_created": "2011-07-26 07:30:41", 
   "session_key": "1449d3c49ce5c8473bf85022f798cfee", 
   "last_updated": "2011-07-26 07:30:41", 
   "user": 1
  }
 }, 
 {
  "pk": 75, 
  "model": "registration.sessionkey", 
  "fields": {
   "date_created": "2011-07-26 17:52:20", 
   "session_key": "8a7bd6fec260c35a7ed70547b5deaef9", 
   "last_updated": "2011-07-26 17:52:20", 
   "user": 1
  }
 }, 
 {
  "pk": 78, 
  "model": "registration.sessionkey", 
  "fields": {
   "date_created": "2011-07-26 19:51:58", 
   "session_key": "f876ec4f465304be7a707b5b6e7c0389", 
   "last_updated": "2011-07-26 19:51:58", 
   "user": 1
  }
 }, 
 {
  "pk": 79, 
  "model": "registration.sessionkey", 
  "fields": {
   "date_created": "2011-07-27 01:14:26", 
   "session_key": "db0f5fa2a0692438eb1057a72cb0b3cf", 
   "last_updated": "2011-07-27 01:14:26", 
   "user": 1
  }
 }, 
 {
  "pk": 81, 
  "model": "registration.sessionkey", 
  "fields": {
   "date_created": "2011-07-27 19:47:57", 
   "session_key": "eadefa7d3378486b1018041e24dca3e7", 
   "last_updated": "2011-07-27 19:47:57", 
   "user": 1
  }
 }, 
 {
  "pk": 83, 
  "model": "registration.sessionkey", 
  "fields": {
   "date_created": "2011-07-27 23:11:34", 
   "session_key": "ba5b73164a332335f992033742e98b57", 
   "last_updated": "2011-07-27 23:11:34", 
   "user": 1
  }
 }, 
 {
  "pk": 87, 
  "model": "registration.sessionkey", 
  "fields": {
   "date_created": "2011-07-28 16:20:07", 
   "session_key": "7e7fd68a746c7f1a838b565b578ec285", 
   "last_updated": "2011-07-28 16:20:07", 
   "user": 3
  }
 }, 
 {
  "pk": 88, 
  "model": "registration.sessionkey", 
  "fields": {
   "date_created": "2011-07-28 17:10:24", 
   "session_key": "134eda6e1a699b27d9f3acdd3b08d627", 
   "last_updated": "2011-07-28 17:10:24", 
   "user": 3
  }
 }, 
 {
  "pk": 89, 
  "model": "registration.sessionkey", 
  "fields": {
   "date_created": "2011-07-29 08:15:45", 
   "session_key": "ad9313fce1ba7be5df02f3abffc47b11", 
   "last_updated": "2011-07-29 08:15:45", 
   "user": 1
  }
 }, 
 {
  "pk": 91, 
  "model": "registration.sessionkey", 
  "fields": {
   "date_created": "2011-07-29 23:39:26", 
   "session_key": "ff6c1bf62f3161da55fb235fc7d8658d", 
   "last_updated": "2011-07-29 23:39:26", 
   "user": 3
  }
 }, 
 {
  "pk": 92, 
  "model": "registration.sessionkey", 
  "fields": {
   "date_created": "2011-07-31 11:30:14", 
   "session_key": "6c77de43031dc58f4e98a1c71b16fb29", 
   "last_updated": "2011-07-31 11:30:14", 
   "user": 1
  }
 }, 
 {
  "pk": 93, 
  "model": "registration.sessionkey", 
  "fields": {
   "date_created": "2011-07-31 11:35:16", 
   "session_key": "6af64842f5c9e95b5b709cb6ede87dc6", 
   "last_updated": "2011-07-31 11:35:16", 
   "user": 1
  }
 }, 
 {
  "pk": 94, 
  "model": "registration.sessionkey", 
  "fields": {
   "date_created": "2011-07-31 17:52:39", 
   "session_key": "24eb16bb6f5895c37056c3f432aad524", 
   "last_updated": "2011-07-31 17:52:39", 
   "user": 1
  }
 }, 
 {
  "pk": 96, 
  "model": "registration.sessionkey", 
  "fields": {
   "date_created": "2011-07-31 21:54:07", 
   "session_key": "0e06d67bea248c6ed9d7b041761992b3", 
   "last_updated": "2011-07-31 21:54:07", 
   "user": 3
  }
 }, 
 {
  "pk": 97, 
  "model": "registration.sessionkey", 
  "fields": {
   "date_created": "2011-07-31 21:54:17", 
   "session_key": "e6d8532a887d9def3d1deb8676c077c4", 
   "last_updated": "2011-07-31 21:54:17", 
   "user": 3
  }
 }, 
 {
  "pk": 98, 
  "model": "registration.sessionkey", 
  "fields": {
   "date_created": "2011-07-31 21:54:32", 
   "session_key": "b49cfaf6d2ced15988a0e00c4a5c09bd", 
   "last_updated": "2011-07-31 21:54:32", 
   "user": 3
  }
 }, 
 {
  "pk": 99, 
  "model": "registration.sessionkey", 
  "fields": {
   "date_created": "2011-08-01 14:12:13", 
   "session_key": "63d7869ae38839425af37c3824fc96d1", 
   "last_updated": "2011-08-01 14:12:13", 
   "user": 3
  }
 }, 
 {
  "pk": 101, 
  "model": "registration.sessionkey", 
  "fields": {
   "date_created": "2011-08-01 23:57:39", 
   "session_key": "94cc0016bb610cdcc59459d553274d69", 
   "last_updated": "2011-08-01 23:57:39", 
   "user": 3
  }
 }, 
 {
  "pk": 102, 
  "model": "registration.sessionkey", 
  "fields": {
   "date_created": "2011-08-02 18:16:48", 
   "session_key": "887d982a26de0999b2d0fcfcc1eee52b", 
   "last_updated": "2011-08-02 18:16:48", 
   "user": 3
  }
 }, 
 {
  "pk": 103, 
  "model": "registration.sessionkey", 
  "fields": {
   "date_created": "2011-08-02 21:44:10", 
   "session_key": "f020d4e62db6986f76713239ac802ec4", 
   "last_updated": "2011-08-02 21:44:10", 
   "user": 1
  }
 }, 
 {
  "pk": 104, 
  "model": "registration.sessionkey", 
  "fields": {
   "date_created": "2011-08-02 22:17:50", 
   "session_key": "865f0dcb7abcc9a4f5e9ec4f633cd3ae", 
   "last_updated": "2011-08-02 22:17:50", 
   "user": 3
  }
 }, 
 {
  "pk": 105, 
  "model": "registration.sessionkey", 
  "fields": {
   "date_created": "2011-08-02 22:18:46", 
   "session_key": "71307880bb10e211dc80f36930c77ea0", 
   "last_updated": "2011-08-02 22:18:46", 
   "user": 1
  }
 }, 
 {
  "pk": 106, 
  "model": "registration.sessionkey", 
  "fields": {
   "date_created": "2011-08-02 22:22:03", 
   "session_key": "75f5acc16a0395baeef683f298f0d34f", 
   "last_updated": "2011-08-02 22:22:03", 
   "user": 3
  }
 }, 
 {
  "pk": 107, 
  "model": "registration.sessionkey", 
  "fields": {
   "date_created": "2011-08-02 22:59:11", 
   "session_key": "9f8e02211a70cb2d6fdee461eaad06ea", 
   "last_updated": "2011-08-02 22:59:11", 
   "user": 1
  }
 }, 
 {
  "pk": 108, 
  "model": "registration.sessionkey", 
  "fields": {
   "date_created": "2011-08-02 23:00:29", 
   "session_key": "716ea6b5101bb123863d588bea49e968", 
   "last_updated": "2011-08-02 23:00:29", 
   "user": 3
  }
 }, 
 {
  "pk": 109, 
  "model": "registration.sessionkey", 
  "fields": {
   "date_created": "2011-08-03 01:01:54", 
   "session_key": "eaa73bfbff55aecba060e40351c91f3e", 
   "last_updated": "2011-08-03 01:01:54", 
   "user": 3
  }
 }, 
 {
  "pk": 110, 
  "model": "registration.sessionkey", 
  "fields": {
   "date_created": "2011-08-03 01:47:46", 
   "session_key": "604476ac1636abae3c605cfee392242b", 
   "last_updated": "2011-08-03 01:47:46", 
   "user": 3
  }
 }, 
 {
  "pk": 111, 
  "model": "registration.sessionkey", 
  "fields": {
   "date_created": "2011-08-03 07:44:52", 
   "session_key": "136f53d19c87876606f79dfd9956b65a", 
   "last_updated": "2011-08-03 07:44:52", 
   "user": 3
  }
 }, 
 {
  "pk": 112, 
  "model": "registration.sessionkey", 
  "fields": {
   "date_created": "2011-08-03 18:46:21", 
   "session_key": "1479c36e962a29379c94beb5cc86d667", 
   "last_updated": "2011-08-03 18:46:21", 
   "user": 1
  }
 }, 
 {
  "pk": 115, 
  "model": "registration.sessionkey", 
  "fields": {
   "date_created": "2011-08-03 20:18:23", 
   "session_key": "6bf94a475ae4fde8d49c3263240017c2", 
   "last_updated": "2011-08-03 20:18:23", 
   "user": 1
  }
 }, 
 {
  "pk": 116, 
  "model": "registration.sessionkey", 
  "fields": {
   "date_created": "2011-08-03 21:28:01", 
   "session_key": "ac7375309316d60a8af6c5af53336412", 
   "last_updated": "2011-08-03 21:28:01", 
   "user": 3
  }
 }, 
 {
  "pk": 117, 
  "model": "registration.sessionkey", 
  "fields": {
   "date_created": "2011-08-04 18:28:39", 
   "session_key": "021419aa6f4ee3ef71415607436a61e0", 
   "last_updated": "2011-08-04 18:28:39", 
   "user": 3
  }
 }, 
 {
  "pk": 118, 
  "model": "registration.sessionkey", 
  "fields": {
   "date_created": "2011-08-05 21:33:09", 
   "session_key": "ea574fd064c36ded1ffbdf45956c1fb5", 
   "last_updated": "2011-08-05 21:33:09", 
   "user": 1
  }
 }, 
 {
  "pk": 125, 
  "model": "registration.sessionkey", 
  "fields": {
   "date_created": "2011-08-09 00:15:42", 
   "session_key": "a374a72840fedbafe0f73a334e94686d", 
   "last_updated": "2011-08-09 00:15:42", 
   "user": 3
  }
 }, 
 {
  "pk": 151, 
  "model": "registration.sessionkey", 
  "fields": {
   "date_created": "2011-08-19 23:01:49", 
   "session_key": "c62a232c00b0fc06053a897f35fb5767", 
   "last_updated": "2011-08-19 23:01:49", 
   "user": 1
  }
 }, 
 {
  "pk": 150, 
  "model": "registration.sessionkey", 
  "fields": {
   "date_created": "2011-08-19 22:38:54", 
   "session_key": "61f22bbd1ca8ff868f0317cb899ec19f", 
   "last_updated": "2011-08-19 22:38:54", 
   "user": 1
  }
 }, 
 {
  "pk": 148, 
  "model": "registration.sessionkey", 
  "fields": {
   "date_created": "2011-08-17 21:58:41", 
   "session_key": "71413e13d0df85a5f67dbd942da671d7", 
   "last_updated": "2011-08-17 21:58:41", 
   "user": 1
  }
 }, 
 {
  "pk": 127, 
  "model": "registration.sessionkey", 
  "fields": {
   "date_created": "2011-08-11 00:40:42", 
   "session_key": "99167da7afbe8e609f7ea9fac5d86bd5", 
   "last_updated": "2011-08-11 00:40:42", 
   "user": 1
  }
 }, 
 {
  "pk": 149, 
  "model": "registration.sessionkey", 
  "fields": {
   "date_created": "2011-08-19 09:58:29", 
   "session_key": "a915ef7334cc885a1cc925f3e8572775", 
   "last_updated": "2011-08-19 09:58:29", 
   "user": 3
  }
 }, 
 {
  "pk": 129, 
  "model": "registration.sessionkey", 
  "fields": {
   "date_created": "2011-08-11 20:59:42", 
   "session_key": "3eea6d733b6c1f653ccf11d4c4de7cbe", 
   "last_updated": "2011-08-11 20:59:42", 
   "user": 1
  }
 }, 
 {
  "pk": 130, 
  "model": "registration.sessionkey", 
  "fields": {
   "date_created": "2011-08-12 20:12:50", 
   "session_key": "895ed6dbaa3699f2bc68e25362447560", 
   "last_updated": "2011-08-12 20:12:50", 
   "user": 3
  }
 }, 
 {
  "pk": 131, 
  "model": "registration.sessionkey", 
  "fields": {
   "date_created": "2011-08-13 04:19:00", 
   "session_key": "64e8204ff506f289397f935d4fe36b2e", 
   "last_updated": "2011-08-13 04:19:00", 
   "user": 1
  }
 }, 
 {
  "pk": 132, 
  "model": "registration.sessionkey", 
  "fields": {
   "date_created": "2011-08-13 09:09:58", 
   "session_key": "34032006c967c85ecce1e99b1c14cc60", 
   "last_updated": "2011-08-13 09:09:58", 
   "user": 1
  }
 }, 
 {
  "pk": 133, 
  "model": "registration.sessionkey", 
  "fields": {
   "date_created": "2011-08-15 00:44:47", 
   "session_key": "cde323fb56b1ff88c487474aca81e07a", 
   "last_updated": "2011-08-15 00:44:47", 
   "user": 1
  }
 }, 
 {
  "pk": 145, 
  "model": "registration.sessionkey", 
  "fields": {
   "date_created": "2011-08-17 09:21:05", 
   "session_key": "f17d3ca1b482921b0085b1a34851b6f8", 
   "last_updated": "2011-08-17 09:21:05", 
   "user": 3
  }
 }, 
 {
  "pk": 146, 
  "model": "registration.sessionkey", 
  "fields": {
   "date_created": "2011-08-17 09:23:55", 
   "session_key": "df325fb645eba46ec6e5b5dce48741fb", 
   "last_updated": "2011-08-17 09:23:55", 
   "user": 3
  }
 }, 
 {
  "pk": 152, 
  "model": "registration.sessionkey", 
  "fields": {
   "date_created": "2011-08-19 23:37:49", 
   "session_key": "dfeb84c542060c622fff845be0815776", 
   "last_updated": "2011-08-19 23:37:49", 
   "user": 1
  }
 }, 
 {
  "pk": 153, 
  "model": "registration.sessionkey", 
  "fields": {
   "date_created": "2011-08-19 23:39:29", 
   "session_key": "f910e8c66c3e535f1fbf9a3aa36cc07c", 
   "last_updated": "2011-08-19 23:39:29", 
   "user": 2
  }
 }, 
 {
  "pk": 154, 
  "model": "registration.sessionkey", 
  "fields": {
   "date_created": "2011-08-19 23:41:48", 
   "session_key": "dc96d7a8c0d36720145ac663fce2e0a2", 
   "last_updated": "2011-08-19 23:41:48", 
   "user": 1
  }
 }, 
 {
  "pk": 155, 
  "model": "registration.sessionkey", 
  "fields": {
   "date_created": "2011-08-19 23:42:11", 
   "session_key": "4068ace6964acf3a7dc9a0bb1d2057e1", 
   "last_updated": "2011-08-19 23:42:11", 
   "user": 1
  }
 }, 
 {
  "pk": 156, 
  "model": "registration.sessionkey", 
  "fields": {
   "date_created": "2011-08-20 08:50:59", 
   "session_key": "a0823d4cfe5a78934e008b62837c5a34", 
   "last_updated": "2011-08-20 08:50:59", 
   "user": 1
  }
 }, 
 {
  "pk": 157, 
  "model": "registration.sessionkey", 
  "fields": {
   "date_created": "2011-08-20 11:03:27", 
   "session_key": "0e5f6d7b24a15ac2485551fa05b14757", 
   "last_updated": "2011-08-20 11:03:27", 
   "user": 1
  }
 }, 
 {
  "pk": 158, 
  "model": "registration.sessionkey", 
  "fields": {
   "date_created": "2011-08-20 11:37:44", 
   "session_key": "c94d26e8e5c851bf0eea494ea330627f", 
   "last_updated": "2011-08-20 11:37:44", 
   "user": 1
  }
 }, 
 {
  "pk": 159, 
  "model": "registration.sessionkey", 
  "fields": {
   "date_created": "2011-08-20 12:21:55", 
   "session_key": "3775d67a6871a8ecb5b497665d42f89d", 
   "last_updated": "2011-08-20 12:21:55", 
   "user": 1
  }
 }, 
 {
  "pk": 160, 
  "model": "registration.sessionkey", 
  "fields": {
   "date_created": "2011-08-21 20:49:00", 
   "session_key": "ae2afbdd42843e251ed54010d62654cf", 
   "last_updated": "2011-08-21 20:49:00", 
   "user": 1
  }
 }, 
 {
  "pk": 161, 
  "model": "registration.sessionkey", 
  "fields": {
   "date_created": "2011-08-21 22:48:42", 
   "session_key": "8aed523b51f92c84308ee0ac832ec8bc", 
   "last_updated": "2011-08-21 22:48:42", 
   "user": 1
  }
 }, 
 {
  "pk": 163, 
  "model": "registration.sessionkey", 
  "fields": {
   "date_created": "2011-08-22 18:06:34", 
   "session_key": "a83aaa56f5dafac1a021e610fd31bc99", 
   "last_updated": "2011-08-22 18:06:34", 
   "user": 4
  }
 }, 
 {
  "pk": 164, 
  "model": "registration.sessionkey", 
  "fields": {
   "date_created": "2011-08-23 18:26:06", 
   "session_key": "2710fb91c6e46fd40b923fc0b96853a7", 
   "last_updated": "2011-08-23 18:26:06", 
   "user": 3
  }
 }, 
 {
  "pk": 165, 
  "model": "registration.sessionkey", 
  "fields": {
   "date_created": "2011-08-23 20:16:03", 
   "session_key": "fe5ac1188e30dc89de6481093903b054", 
   "last_updated": "2011-08-23 20:16:03", 
   "user": 1
  }
 }, 
 {
  "pk": 167, 
  "model": "registration.sessionkey", 
  "fields": {
   "date_created": "2011-08-23 20:29:34", 
   "session_key": "e368c8e6083a79b52243c463daf84b24", 
   "last_updated": "2011-08-23 20:29:34", 
   "user": 4
  }
 }, 
 {
  "pk": 168, 
  "model": "registration.sessionkey", 
  "fields": {
   "date_created": "2011-08-23 20:53:38", 
   "session_key": "cf8d45a71637d1c2616e0dc93a20cb4d", 
   "last_updated": "2011-08-23 20:53:38", 
   "user": 1
  }
 }, 
 {
  "pk": 173, 
  "model": "registration.sessionkey", 
  "fields": {
   "date_created": "2011-08-23 21:01:59", 
   "session_key": "bb792b23f247a241fc06d619ec2ad40e", 
   "last_updated": "2011-08-23 21:01:59", 
   "user": 7
  }
 }, 
 {
  "pk": 174, 
  "model": "registration.sessionkey", 
  "fields": {
   "date_created": "2011-08-23 21:02:25", 
   "session_key": "b9a8783f6fec4e6ddae53a55f422c4e3", 
   "last_updated": "2011-08-23 21:02:25", 
   "user": 1
  }
 }, 
 {
  "pk": 175, 
  "model": "registration.sessionkey", 
  "fields": {
   "date_created": "2011-08-24 11:40:43", 
   "session_key": "679a9f268a6b16824b74987a7096fde0", 
   "last_updated": "2011-08-24 11:40:43", 
   "user": 2
  }
 }, 
 {
  "pk": 177, 
  "model": "registration.sessionkey", 
  "fields": {
   "date_created": "2011-08-24 14:52:23", 
   "session_key": "91b67ed7f5a5e161b622e1c8fa4d09af", 
   "last_updated": "2011-08-24 14:52:23", 
   "user": 2
  }
 }, 
 {
  "pk": 178, 
  "model": "registration.sessionkey", 
  "fields": {
   "date_created": "2011-08-24 15:31:06", 
   "session_key": "85f41df3e721cdaca4864acbc04a1f2c", 
   "last_updated": "2011-08-24 15:31:06", 
   "user": 1
  }
 }, 
 {
  "pk": 179, 
  "model": "registration.sessionkey", 
  "fields": {
   "date_created": "2011-08-25 13:56:49", 
   "session_key": "88cd3fa2c154d16942f2b47e485f5592", 
   "last_updated": "2011-08-25 13:56:49", 
   "user": 2
  }
 }, 
 {
  "pk": 180, 
  "model": "registration.sessionkey", 
  "fields": {
   "date_created": "2011-08-25 15:58:40", 
   "session_key": "f0df7456b4cc86e862c9add578b69e33", 
   "last_updated": "2011-08-25 15:58:40", 
   "user": 2
  }
 }, 
 {
  "pk": 181, 
  "model": "registration.sessionkey", 
  "fields": {
   "date_created": "2011-08-26 09:34:24", 
   "session_key": "2d09cf9f1275a9cbbaf6a9852621d74f", 
   "last_updated": "2011-08-26 09:34:24", 
   "user": 3
  }
 }, 
 {
  "pk": 187, 
  "model": "registration.sessionkey", 
  "fields": {
   "date_created": "2011-08-26 16:05:34", 
   "session_key": "5e3217c3310035e2995a1a0682de1f19", 
   "last_updated": "2011-08-26 16:05:34", 
   "user": 3
  }
 }, 
 {
  "pk": 192, 
  "model": "registration.sessionkey", 
  "fields": {
   "date_created": "2011-08-26 18:23:30", 
   "session_key": "a5fc7cfaecf9ac4735502be2f3431c63", 
   "last_updated": "2011-08-26 18:23:30", 
   "user": 3
  }
 }, 
 {
  "pk": 193, 
  "model": "registration.sessionkey", 
  "fields": {
   "date_created": "2011-08-26 21:40:25", 
   "session_key": "31bbc828dd1c765b84ce3bba85c43414", 
   "last_updated": "2011-08-26 21:40:25", 
   "user": 2
  }
 }, 
 {
  "pk": 194, 
  "model": "registration.sessionkey", 
  "fields": {
   "date_created": "2011-08-26 22:28:16", 
   "session_key": "770bf6795f0b6bac34e8c954fbb33da4", 
   "last_updated": "2011-08-26 22:28:16", 
   "user": 1
  }
 }, 
 {
  "pk": 195, 
  "model": "registration.sessionkey", 
  "fields": {
   "date_created": "2011-08-26 22:36:17", 
   "session_key": "63fc4eadc22f60f24b62b5a735ceab31", 
   "last_updated": "2011-08-26 22:36:17", 
   "user": 1
  }
 }, 
 {
  "pk": 196, 
  "model": "registration.sessionkey", 
  "fields": {
   "date_created": "2011-08-27 01:21:58", 
   "session_key": "4555fd01acdadbda9b3e9053988a5fc5", 
   "last_updated": "2011-08-27 01:21:58", 
   "user": 3
  }
 }, 
 {
  "pk": 197, 
  "model": "registration.sessionkey", 
  "fields": {
   "date_created": "2011-08-27 01:37:51", 
   "session_key": "192f40fa7aba2c994a06d724216c30a0", 
   "last_updated": "2011-08-27 01:37:51", 
   "user": 3
  }
 }, 
 {
  "pk": 198, 
  "model": "registration.sessionkey", 
  "fields": {
   "date_created": "2011-08-27 01:46:13", 
   "session_key": "0ac6796f1108a3675aa5d83a29eacd81", 
   "last_updated": "2011-08-27 01:46:13", 
   "user": 1
  }
 }, 
 {
  "pk": 202, 
  "model": "registration.sessionkey", 
  "fields": {
   "date_created": "2011-08-27 02:19:27", 
   "session_key": "758e4e86b23b6aa1e0efa184aa381b4f", 
   "last_updated": "2011-08-27 02:19:27", 
   "user": 2
  }
 }, 
 {
  "pk": 200, 
  "model": "registration.sessionkey", 
  "fields": {
   "date_created": "2011-08-27 01:57:34", 
   "session_key": "fd2cbeb06e7f0e7902f8917c34b25d98", 
   "last_updated": "2011-08-27 01:57:34", 
   "user": 1
  }
 }, 
 {
  "pk": 203, 
  "model": "registration.sessionkey", 
  "fields": {
   "date_created": "2011-08-27 02:20:59", 
   "session_key": "6353acd2063cdf6d1745195b8e629b40", 
   "last_updated": "2011-08-27 02:20:59", 
   "user": 1
  }
 }, 
 {
  "pk": 215, 
  "model": "registration.sessionkey", 
  "fields": {
   "date_created": "2011-08-27 12:42:39", 
   "session_key": "89857bf10f1840febf4a44633683f6c2", 
   "last_updated": "2011-08-27 12:42:39", 
   "user": 3
  }
 }, 
 {
  "pk": 205, 
  "model": "registration.sessionkey", 
  "fields": {
   "date_created": "2011-08-27 02:48:53", 
   "session_key": "7dff13dba8b09d78594a872aa47eb9c8", 
   "last_updated": "2011-08-27 02:48:53", 
   "user": 3
  }
 }, 
 {
  "pk": 206, 
  "model": "registration.sessionkey", 
  "fields": {
   "date_created": "2011-08-27 03:17:49", 
   "session_key": "5a225abbe5e91d4cd9a9fc1c286543c4", 
   "last_updated": "2011-08-27 03:17:49", 
   "user": 1
  }
 }, 
 {
  "pk": 209, 
  "model": "registration.sessionkey", 
  "fields": {
   "date_created": "2011-08-27 08:55:53", 
   "session_key": "f849284d5d2829e4c1050238e516e813", 
   "last_updated": "2011-08-27 08:55:53", 
   "user": 1
  }
 }, 
 {
  "pk": 210, 
  "model": "registration.sessionkey", 
  "fields": {
   "date_created": "2011-08-27 09:00:28", 
   "session_key": "58891af7827b74fee4fb204bfead05a6", 
   "last_updated": "2011-08-27 09:00:28", 
   "user": 2
  }
 }, 
 {
  "pk": 218, 
  "model": "registration.sessionkey", 
  "fields": {
   "date_created": "2011-08-27 16:14:13", 
   "session_key": "26f1c537ca8f418dfd2c0d366aff3c51", 
   "last_updated": "2011-08-27 16:14:13", 
   "user": 3
  }
 }, 
 {
  "pk": 212, 
  "model": "registration.sessionkey", 
  "fields": {
   "date_created": "2011-08-27 12:07:19", 
   "session_key": "3e6a4acdff94aedc86014f7b848371ad", 
   "last_updated": "2011-08-27 12:07:19", 
   "user": 2
  }
 }, 
 {
  "pk": 222, 
  "model": "registration.sessionkey", 
  "fields": {
   "date_created": "2011-08-27 16:18:54", 
   "session_key": "e4c7d1bce93394af0ae79048fed3dbae", 
   "last_updated": "2011-08-27 16:18:54", 
   "user": 3
  }
 }, 
 {
  "pk": 214, 
  "model": "registration.sessionkey", 
  "fields": {
   "date_created": "2011-08-27 12:08:29", 
   "session_key": "5c10eeeec05390e2bfa99a8e3f747c55", 
   "last_updated": "2011-08-27 12:08:29", 
   "user": 1
  }
 }, 
 {
  "pk": 216, 
  "model": "registration.sessionkey", 
  "fields": {
   "date_created": "2011-08-27 15:32:18", 
   "session_key": "730baa30b31afdae8f67e5a2ee5a8b2a", 
   "last_updated": "2011-08-27 15:32:18", 
   "user": 1
  }
 }, 
 {
  "pk": 220, 
  "model": "registration.sessionkey", 
  "fields": {
   "date_created": "2011-08-27 16:15:58", 
   "session_key": "f8d67789324d2f13acd2adfb5f01c3f6", 
   "last_updated": "2011-08-27 16:15:58", 
   "user": 1
  }
 }, 
 {
  "pk": 221, 
  "model": "registration.sessionkey", 
  "fields": {
   "date_created": "2011-08-27 16:16:07", 
   "session_key": "1686086f47f848144b948db4531633af", 
   "last_updated": "2011-08-27 16:16:07", 
   "user": 1
  }
 }, 
 {
  "pk": 224, 
  "model": "registration.sessionkey", 
  "fields": {
   "date_created": "2011-08-27 16:40:16", 
   "session_key": "a05ed35e5b6c43c9403082034a60edd7", 
   "last_updated": "2011-08-27 16:40:16", 
   "user": 1
  }
 }, 
 {
  "pk": 228, 
  "model": "registration.sessionkey", 
  "fields": {
   "date_created": "2011-08-27 17:06:18", 
   "session_key": "96de9a24a8224359d670c16be85fc7cc", 
   "last_updated": "2011-08-27 17:06:18", 
   "user": 3
  }
 }, 
 {
  "pk": 229, 
  "model": "registration.sessionkey", 
  "fields": {
   "date_created": "2011-08-27 20:24:33", 
   "session_key": "75d5db4fa6663d1e7fe94643358bfe30", 
   "last_updated": "2011-08-27 20:24:33", 
   "user": 1
  }
 }, 
 {
  "pk": 257, 
  "model": "registration.sessionkey", 
  "fields": {
   "date_created": "2011-08-29 01:28:47", 
   "session_key": "49c25d27d4b483a2f1bb265c00615814", 
   "last_updated": "2011-08-29 01:28:47", 
   "user": 1
  }
 }, 
 {
  "pk": 231, 
  "model": "registration.sessionkey", 
  "fields": {
   "date_created": "2011-08-27 20:42:03", 
   "session_key": "4360e0667985df2ed555faf2772f047a", 
   "last_updated": "2011-08-27 20:42:03", 
   "user": 1
  }
 }, 
 {
  "pk": 232, 
  "model": "registration.sessionkey", 
  "fields": {
   "date_created": "2011-08-27 21:43:09", 
   "session_key": "dfcb27c10a8fec3d54953a698d8acc6e", 
   "last_updated": "2011-08-27 21:43:09", 
   "user": 1
  }
 }, 
 {
  "pk": 307, 
  "model": "registration.sessionkey", 
  "fields": {
   "date_created": "2011-09-06 08:33:22", 
   "session_key": "a1fe390c154438b99db22a6176a741cc", 
   "last_updated": "2011-09-06 08:33:22", 
   "user": 2
  }
 }, 
 {
  "pk": 237, 
  "model": "registration.sessionkey", 
  "fields": {
   "date_created": "2011-08-28 12:58:52", 
   "session_key": "105191d861fdfc8e48a755d3332b17e8", 
   "last_updated": "2011-08-28 12:58:52", 
   "user": 1
  }
 }, 
 {
  "pk": 235, 
  "model": "registration.sessionkey", 
  "fields": {
   "date_created": "2011-08-27 22:18:55", 
   "session_key": "b8b9a68e8416116293f3593e3ed6d17b", 
   "last_updated": "2011-08-27 22:18:55", 
   "user": 2
  }
 }, 
 {
  "pk": 236, 
  "model": "registration.sessionkey", 
  "fields": {
   "date_created": "2011-08-28 00:24:50", 
   "session_key": "25e7a3ef15c5c25acd034316bfef4864", 
   "last_updated": "2011-08-28 00:24:50", 
   "user": 1
  }
 }, 
 {
  "pk": 238, 
  "model": "registration.sessionkey", 
  "fields": {
   "date_created": "2011-08-28 13:32:15", 
   "session_key": "8eabeae823f6dab45be4d3051fd6d9ba", 
   "last_updated": "2011-08-28 13:32:15", 
   "user": 1
  }
 }, 
 {
  "pk": 240, 
  "model": "registration.sessionkey", 
  "fields": {
   "date_created": "2011-08-28 16:21:19", 
   "session_key": "ed13369a5ef31c78d0f6db5e98d2f2a4", 
   "last_updated": "2011-08-28 16:21:19", 
   "user": 2
  }
 }, 
 {
  "pk": 241, 
  "model": "registration.sessionkey", 
  "fields": {
   "date_created": "2011-08-28 16:22:40", 
   "session_key": "62d972d6b4e77c3f4f15029332d02615", 
   "last_updated": "2011-08-28 16:22:40", 
   "user": 2
  }
 }, 
 {
  "pk": 242, 
  "model": "registration.sessionkey", 
  "fields": {
   "date_created": "2011-08-28 16:23:55", 
   "session_key": "73da774d2d21a24fa71d476b27912d53", 
   "last_updated": "2011-08-28 16:23:55", 
   "user": 2
  }
 }, 
 {
  "pk": 243, 
  "model": "registration.sessionkey", 
  "fields": {
   "date_created": "2011-08-28 16:32:29", 
   "session_key": "6a4180a1edd1c8b2e44e1dd0223d3fed", 
   "last_updated": "2011-08-28 16:32:29", 
   "user": 1
  }
 }, 
 {
  "pk": 244, 
  "model": "registration.sessionkey", 
  "fields": {
   "date_created": "2011-08-28 16:33:06", 
   "session_key": "576e2f6348cf6b5b9fb0ed7db540ada5", 
   "last_updated": "2011-08-28 16:33:06", 
   "user": 2
  }
 }, 
 {
  "pk": 245, 
  "model": "registration.sessionkey", 
  "fields": {
   "date_created": "2011-08-28 16:54:16", 
   "session_key": "b041522956075bfed8b18fd9c870c635", 
   "last_updated": "2011-08-28 16:54:16", 
   "user": 1
  }
 }, 
 {
  "pk": 246, 
  "model": "registration.sessionkey", 
  "fields": {
   "date_created": "2011-08-28 17:14:34", 
   "session_key": "337208d29a06f0cb4cb652b3fb48b239", 
   "last_updated": "2011-08-28 17:14:34", 
   "user": 1
  }
 }, 
 {
  "pk": 247, 
  "model": "registration.sessionkey", 
  "fields": {
   "date_created": "2011-08-28 17:22:51", 
   "session_key": "70853a7443a6ab39931481275a5dfb17", 
   "last_updated": "2011-08-28 17:22:51", 
   "user": 2
  }
 }, 
 {
  "pk": 248, 
  "model": "registration.sessionkey", 
  "fields": {
   "date_created": "2011-08-28 19:30:53", 
   "session_key": "0f76ad127129073823d338f859b0f04e", 
   "last_updated": "2011-08-28 19:30:53", 
   "user": 1
  }
 }, 
 {
  "pk": 251, 
  "model": "registration.sessionkey", 
  "fields": {
   "date_created": "2011-08-28 22:02:48", 
   "session_key": "35ab7657720250fe474378f993546760", 
   "last_updated": "2011-08-28 22:02:48", 
   "user": 2
  }
 }, 
 {
  "pk": 250, 
  "model": "registration.sessionkey", 
  "fields": {
   "date_created": "2011-08-28 20:02:14", 
   "session_key": "df3f92bc1ebf5a3748c6c20548727363", 
   "last_updated": "2011-08-28 20:02:14", 
   "user": 1
  }
 }, 
 {
  "pk": 253, 
  "model": "registration.sessionkey", 
  "fields": {
   "date_created": "2011-08-28 22:45:14", 
   "session_key": "e0e1a0ee7ea65153ab3179d9ede99e24", 
   "last_updated": "2011-08-28 22:45:14", 
   "user": 1
  }
 }, 
 {
  "pk": 255, 
  "model": "registration.sessionkey", 
  "fields": {
   "date_created": "2011-08-29 01:06:05", 
   "session_key": "ed883d34b9399334e3a4a8fc41481fe6", 
   "last_updated": "2011-08-29 01:06:05", 
   "user": 1
  }
 }, 
 {
  "pk": 258, 
  "model": "registration.sessionkey", 
  "fields": {
   "date_created": "2011-08-29 01:42:32", 
   "session_key": "a5bf64fd57169056aaf10a1ab3096bb0", 
   "last_updated": "2011-08-29 01:42:32", 
   "user": 2
  }
 }, 
 {
  "pk": 259, 
  "model": "registration.sessionkey", 
  "fields": {
   "date_created": "2011-08-29 01:46:03", 
   "session_key": "ed05338f3d1c3bdf3eed71cf9a3882f1", 
   "last_updated": "2011-08-29 01:46:03", 
   "user": 1
  }
 }, 
 {
  "pk": 303, 
  "model": "registration.sessionkey", 
  "fields": {
   "date_created": "2011-09-02 23:01:49", 
   "session_key": "0bd48d68684ff73e98cd8894d0110d64", 
   "last_updated": "2011-09-02 23:01:49", 
   "user": 2
  }
 }, 
 {
  "pk": 261, 
  "model": "registration.sessionkey", 
  "fields": {
   "date_created": "2011-08-29 01:50:45", 
   "session_key": "9c9e3b3f792a62c0c5b805d45a9b2bb3", 
   "last_updated": "2011-08-29 01:50:45", 
   "user": 1
  }
 }, 
 {
  "pk": 263, 
  "model": "registration.sessionkey", 
  "fields": {
   "date_created": "2011-08-29 11:40:02", 
   "session_key": "c737cac0c92bad669c0fd603420b41a9", 
   "last_updated": "2011-08-29 11:40:02", 
   "user": 1
  }
 }, 
 {
  "pk": 269, 
  "model": "registration.sessionkey", 
  "fields": {
   "date_created": "2011-08-29 16:04:25", 
   "session_key": "4021b9663f3f4a144283db8944a148af", 
   "last_updated": "2011-08-29 16:04:25", 
   "user": 1
  }
 }, 
 {
  "pk": 265, 
  "model": "registration.sessionkey", 
  "fields": {
   "date_created": "2011-08-29 13:01:30", 
   "session_key": "a308bf49878000ae512ff8f95db60dd1", 
   "last_updated": "2011-08-29 13:01:30", 
   "user": 1
  }
 }, 
 {
  "pk": 270, 
  "model": "registration.sessionkey", 
  "fields": {
   "date_created": "2011-08-29 18:11:14", 
   "session_key": "4d8e496216ba6fe28d0d43a9fc1abb86", 
   "last_updated": "2011-08-29 18:11:14", 
   "user": 2
  }
 }, 
 {
  "pk": 271, 
  "model": "registration.sessionkey", 
  "fields": {
   "date_created": "2011-08-29 18:25:32", 
   "session_key": "c6a34e356a5d77c30e4519559666dedf", 
   "last_updated": "2011-08-29 18:25:32", 
   "user": 2
  }
 }, 
 {
  "pk": 272, 
  "model": "registration.sessionkey", 
  "fields": {
   "date_created": "2011-08-29 18:27:27", 
   "session_key": "22b37373b73fa6945fa8545f86716ec1", 
   "last_updated": "2011-08-29 18:27:27", 
   "user": 1
  }
 }, 
 {
  "pk": 273, 
  "model": "registration.sessionkey", 
  "fields": {
   "date_created": "2011-08-29 18:28:21", 
   "session_key": "a8d838843ce63d493ac65d94a0469260", 
   "last_updated": "2011-08-29 18:28:21", 
   "user": 2
  }
 }, 
 {
  "pk": 275, 
  "model": "registration.sessionkey", 
  "fields": {
   "date_created": "2011-08-30 14:33:59", 
   "session_key": "bb1e80ac351737e92fee14dc9503a583", 
   "last_updated": "2011-08-30 14:33:59", 
   "user": 1
  }
 }, 
 {
  "pk": 277, 
  "model": "registration.sessionkey", 
  "fields": {
   "date_created": "2011-08-30 16:05:08", 
   "session_key": "cd16da3aae64b99d33315e454578a603", 
   "last_updated": "2011-08-30 16:05:08", 
   "user": 1
  }
 }, 
 {
  "pk": 278, 
  "model": "registration.sessionkey", 
  "fields": {
   "date_created": "2011-08-30 16:55:33", 
   "session_key": "404dd5ea321a49d9a758b4b7fba6f422", 
   "last_updated": "2011-08-30 16:55:33", 
   "user": 1
  }
 }, 
 {
  "pk": 279, 
  "model": "registration.sessionkey", 
  "fields": {
   "date_created": "2011-08-30 17:18:43", 
   "session_key": "159b91cdc2f3e950380a25ff639eb433", 
   "last_updated": "2011-08-30 17:18:43", 
   "user": 2
  }
 }, 
 {
  "pk": 280, 
  "model": "registration.sessionkey", 
  "fields": {
   "date_created": "2011-08-30 17:56:14", 
   "session_key": "3e8a624456b16b578656dbf7a04e3627", 
   "last_updated": "2011-08-30 17:56:14", 
   "user": 1
  }
 }, 
 {
  "pk": 281, 
  "model": "registration.sessionkey", 
  "fields": {
   "date_created": "2011-09-01 02:25:30", 
   "session_key": "53462226292f27822e96af868ff1ff45", 
   "last_updated": "2011-09-01 02:25:30", 
   "user": 1
  }
 }, 
 {
  "pk": 282, 
  "model": "registration.sessionkey", 
  "fields": {
   "date_created": "2011-09-01 02:34:46", 
   "session_key": "021ef6d36af87be021de25234e643135", 
   "last_updated": "2011-09-01 02:34:46", 
   "user": 1
  }
 }, 
 {
  "pk": 283, 
  "model": "registration.sessionkey", 
  "fields": {
   "date_created": "2011-09-01 02:35:32", 
   "session_key": "be752d595040a3b82b59e36424c87d72", 
   "last_updated": "2011-09-01 02:35:32", 
   "user": 26
  }
 }, 
 {
  "pk": 284, 
  "model": "registration.sessionkey", 
  "fields": {
   "date_created": "2011-09-01 04:29:07", 
   "session_key": "1a2f13ee3251cc6283408bec19be635a", 
   "last_updated": "2011-09-01 04:29:07", 
   "user": 1
  }
 }, 
 {
  "pk": 285, 
  "model": "registration.sessionkey", 
  "fields": {
   "date_created": "2011-09-01 04:33:32", 
   "session_key": "c3f7818810745e424a8fc1c24f7e8021", 
   "last_updated": "2011-09-01 04:33:32", 
   "user": 2
  }
 }, 
 {
  "pk": 286, 
  "model": "registration.sessionkey", 
  "fields": {
   "date_created": "2011-09-01 09:02:35", 
   "session_key": "71c8f9368a43f2cf2a382a1eefaa1b10", 
   "last_updated": "2011-09-01 09:02:35", 
   "user": 1
  }
 }, 
 {
  "pk": 287, 
  "model": "registration.sessionkey", 
  "fields": {
   "date_created": "2011-09-01 09:02:47", 
   "session_key": "513645bccb413efc077fbb99a80c73ff", 
   "last_updated": "2011-09-01 09:02:47", 
   "user": 26
  }
 }, 
 {
  "pk": 288, 
  "model": "registration.sessionkey", 
  "fields": {
   "date_created": "2011-09-01 09:02:55", 
   "session_key": "895885ad496b067989b8a473b38a6a85", 
   "last_updated": "2011-09-01 09:02:55", 
   "user": 1
  }
 }, 
 {
  "pk": 290, 
  "model": "registration.sessionkey", 
  "fields": {
   "date_created": "2011-09-01 09:08:07", 
   "session_key": "bbdd8f9c77fcc6393f5c341b199174e1", 
   "last_updated": "2011-09-01 09:08:07", 
   "user": 1
  }
 }, 
 {
  "pk": 292, 
  "model": "registration.sessionkey", 
  "fields": {
   "date_created": "2011-09-01 09:08:53", 
   "session_key": "a84ba6ddc33b5560d98b7f18b9c404ae", 
   "last_updated": "2011-09-01 09:08:53", 
   "user": 26
  }
 }, 
 {
  "pk": 293, 
  "model": "registration.sessionkey", 
  "fields": {
   "date_created": "2011-09-01 10:59:23", 
   "session_key": "8b16b55c644519fc26a89fe4e7dbdc09", 
   "last_updated": "2011-09-01 10:59:23", 
   "user": 1
  }
 }, 
 {
  "pk": 294, 
  "model": "registration.sessionkey", 
  "fields": {
   "date_created": "2011-09-01 11:02:18", 
   "session_key": "0c3e26c8b0f252dfaed56f9758df3e24", 
   "last_updated": "2011-09-01 11:02:18", 
   "user": 26
  }
 }, 
 {
  "pk": 295, 
  "model": "registration.sessionkey", 
  "fields": {
   "date_created": "2011-09-02 08:52:03", 
   "session_key": "f97da7ee3b37be06f1f0a535e030f461", 
   "last_updated": "2011-09-02 08:52:03", 
   "user": 1
  }
 }, 
 {
  "pk": 296, 
  "model": "registration.sessionkey", 
  "fields": {
   "date_created": "2011-09-02 21:49:05", 
   "session_key": "945ceaa014f543a49299bbeee164e9f8", 
   "last_updated": "2011-09-02 21:49:05", 
   "user": 26
  }
 }, 
 {
  "pk": 297, 
  "model": "registration.sessionkey", 
  "fields": {
   "date_created": "2011-09-02 21:50:38", 
   "session_key": "3ddab6ebfd32019e2fd9bd5fa601da8d", 
   "last_updated": "2011-09-02 21:50:38", 
   "user": 1
  }
 }, 
 {
  "pk": 299, 
  "model": "registration.sessionkey", 
  "fields": {
   "date_created": "2011-09-02 22:35:41", 
   "session_key": "87c3c436eb1147edb3aa33da03ec6333", 
   "last_updated": "2011-09-02 22:35:41", 
   "user": 2
  }
 }, 
 {
  "pk": 300, 
  "model": "registration.sessionkey", 
  "fields": {
   "date_created": "2011-09-02 22:50:22", 
   "session_key": "e6f5e124cd98086b0a6bbd1cc0fdec56", 
   "last_updated": "2011-09-02 22:50:22", 
   "user": 1
  }
 }, 
 {
  "pk": 302, 
  "model": "registration.sessionkey", 
  "fields": {
   "date_created": "2011-09-02 23:01:11", 
   "session_key": "91568bb1df7db0089cce208e5b5e5fde", 
   "last_updated": "2011-09-02 23:01:11", 
   "user": 1
  }
 }, 
 {
  "pk": 306, 
  "model": "registration.sessionkey", 
  "fields": {
   "date_created": "2011-09-06 08:32:48", 
   "session_key": "071e31ba3e6c250c7b59f9362cde5a66", 
   "last_updated": "2011-09-06 08:32:48", 
   "user": 3
  }
 }, 
 {
  "pk": 305, 
  "model": "registration.sessionkey", 
  "fields": {
   "date_created": "2011-09-04 13:45:26", 
   "session_key": "1a7af6b29ec2ed64f8ffcca7f8065378", 
   "last_updated": "2011-09-04 13:45:26", 
   "user": 1
  }
 }
]